time,2.82,3.16,3.55,3.98,4.47,5.01,5.62,6.31,7.08,7.94,8.91,10.0,11.2,12.6,14.1,15.8,17.8,20.0,22.4,25.1,28.2,31.6,35.5,39.8,44.7,50.1,56.2,63.1,70.8,79.4,89.1,100.0,112.0,126.0,141.0,158.0,178.0,200.0,224.0,251.0,282.0,316.0,355.0,398.0,447.0,501.0,562.0,631.0,708.0,794.0,891.0,1000.0
1998-03-09 00:00:00,,,,,,,,,,103.088,162.058,221.028,237.669,249.49,264.877,293.795,443.101,582.494,692.982,799.206,897.7510000000002,1049.53,1264.16,1465.42,1656.19,1774.25,1855.16,1840.27,1795.69,1631.85,1449.42,1232.22,1019.47,883.9630000000002,755.932,664.43,593.967,579.927,544.091,462.042,350.394,198.222,109.42,78.24600000000002,103.242,161.889,,,,,,
1998-03-09 00:09:00,,,,,,,,,,187.879,204.298,220.717,248.103,276.738,262.07,266.441,440.47,595.763,696.426,802.6139999999998,918.754,1087.29,1317.69,1489.44,1615.17,1676.48,1704.87,1661.44,1595.76,1508.54,1417.95,1210.49,1003.8,862.456,725.545,610.2719999999998,526.363,526.575,502.997,428.976,317.696,155.406,70.2513,55.2451,104.239,191.577,,,,,,
1998-03-09 00:20:00,,,,,,,,,,120.051,210.718,301.385,261.606,206.974,271.444,342.885,475.719,592.044,660.2330000000002,739.664,839.3439999999998,978.801,1165.21,1319.75,1449.27,1537.55,1604.77,1593.87,1558.75,1443.35,1315.42,1144.03,971.255,799.9689999999998,644.243,564.508,511.374,529.586,524.965,471.931,383.845,247.768,150.84799999999996,89.537,53.5889,32.836,,,,,,
1998-03-09 00:29:00,,,,,,,,,,125.039,195.458,265.877,246.205,216.275,241.926,278.482,411.793,543.765,671.836,796.69,915.748,1025.3,1123.62,1256.55,1416.66,1507.77,1563.64,1546.9,1507.68,1416.42,1317.04,1130.55,942.981,781.44,636.045,569.497,526.069,544.646,533.752,460.367,360.672,224.956,131.782,77.2969,43.8993,23.1357,,,,,,
1998-03-09 00:40:00,,,,,,,,,,183.583,267.687,351.79,291.795,215.392,276.613,343.283,457.706,566.481,658.7860000000002,754.326,855.692,978.573,1126.85,1253.76,1363.9,1449.86,1523.46,1513.52,1477.7,1349.51,1206.92,1088.51,969.104,824.762,689.625,599.433,530.934,520.61,491.191,421.283,332.745,218.699,136.061,81.9851,49.7033,30.4789,,,,,,
1998-03-09 00:49:00,,,,,,,,,,191.8,267.694,343.589,334.608,315.964,278.29900000000004,261.564,431.177,579.631,666.39,741.048,793.9119999999998,900.959,1071.96,1213.81,1332.77,1396.32,1431.56,1409.0,1368.54,1300.08,1227.25,1053.61,877.916,721.596,581.52,520.762,486.419,522.9209999999998,525.732,457.107,360.54,225.718,132.309,76.5604,44.793,27.393,,,,,,
1998-03-09 01:00:00,,,,,,,,,,223.581,296.126,368.671,359.145,340.275,279.133,238.145,376.718,502.081,588.925,691.549,822.5939999999998,929.487,1007.87,1123.99,1269.74,1335.16,1359.56,1337.13,1300.19,1203.19,1096.83,998.943,897.613,745.357,604.539,519.5830000000002,465.405,493.774,492.034,426.453,334.309,205.796,117.888,66.9072,36.7471,19.0611,,,,,,
1998-03-09 01:09:00,,,,,,,,,,228.68400000000003,255.438,282.191,272.593,258.855,229.856,214.552,321.215,426.551,528.0219999999998,629.059,729.314,850.7080000000002,997.057,1121.37,1228.38,1323.01,1411.32,1345.45,1231.83,1168.52,1113.04,976.188,837.159,706.681,584.592,503.472,454.489,491.699,498.145,439.359,349.0019999999999,215.42,123.443,69.3011,40.3286,26.4355,,,,,,
1998-03-09 01:20:00,,,,,,,,,,172.93400000000003,249.99400000000003,327.0540000000001,314.665,292.092,233.624,194.147,323.863,435.838,496.083,580.214,707.37,831.304,951.435,1069.84,1186.88,1231.63,1239.45,1207.31,1162.79,1118.13,1073.46,947.268,818.035,685.566,560.856,474.039,418.046,444.719,450.651,412.604,338.076,213.601,125.1,69.3127,38.0052,21.3637,,,,,,
1998-03-09 01:30:00,,,,,,,,,,164.97400000000005,224.124,283.273,274.893,258.823,244.192,239.419,322.355,406.205,492.716,569.2,627.625,737.284,907.422,1046.86,1162.21,1227.61,1267.49,1224.76,1156.45,1119.35,1087.12,950.093,811.316,697.865,587.481,492.073,427.317,444.772,445.654,411.397,339.7990000000001,217.077,130.725,77.4488,45.1573,25.4384,,,,,,
1998-03-09 01:39:00,,,,,,,,,,128.22299999999998,210.814,293.404,288.644,273.938,257.681,249.787,316.327,388.92800000000005,479.205,566.7,649.188,759.768,903.512,1052.45,1205.46,1246.3,1229.84,1229.26,1233.6,1150.1,1052.89,936.272,818.8589999999998,699.768,586.768,503.518,445.372,454.557,445.80800000000005,399.034,321.065,200.386,121.013,79.2047,48.5767,24.6468,,,,,,
1998-03-09 01:50:00,,,,,,,,,,186.956,257.345,327.7340000000001,310.357,282.987,246.31,223.535,324.518,413.632,468.14,542.273,651.755,786.311,950.469,1084.63,1195.24,1247.86,1270.84,1245.0,1204.03,1144.34,1081.73,979.196,871.957,719.352,579.0930000000002,499.124,448.055,474.495,474.707,419.306,334.2290000000001,208.523,121.499,69.6524,40.9278,26.0561,,,,,,
1998-03-09 01:59:00,,,,,,,,,,127.162,289.444,451.726,396.292,316.068,292.249,276.458,331.809,386.635,439.936,516.8240000000002,636.197,769.23,918.389,1056.45,1185.79,1255.18,1293.94,1239.37,1155.9,1113.27,1077.0,972.45,861.784,699.847,555.028,493.797,453.4380000000001,469.057,465.268,420.328,338.01,204.517,114.911,65.2147,38.2788,24.9789,,,,,,
1998-03-09 02:10:00,,,,,,,,,,100.247,170.77599999999995,241.305,212.064,171.46200000000005,159.994,157.37,233.291,301.178,345.6380000000001,422.29,556.9259999999998,675.687,775.706,877.329,980.209,1034.14,1063.06,1061.31,1050.06,984.688,910.874,816.202,718.243,585.266,467.986,427.359,408.957,450.16,459.128,399.7480000000001,311.65,184.235,99.9829,54.9834,33.6637,26.531,,,,,,
1998-03-09 02:19:00,,,,,,,,,,59.1851,70.2255,81.2658,93.2334,105.307,97.3449,96.4859,158.94,225.243,302.771,379.102,453.279,562.474,713.0060000000002,832.408,927.374,977.856,1005.61,974.588,925.354,874.66,823.738,742.878,659.467,555.323,460.024,407.92,386.325,446.55300000000005,462.87,386.085,289.263,165.007,87.1494,51.4857,32.8112,24.3153,,,,,,
1998-03-09 02:30:00,,,,,,,,,,110.72,138.77200000000002,166.825,142.028,111.215,112.271,119.161,177.78400000000005,235.287,289.524,358.59,454.366,554.513,659.823,759.035,853.461,899.4689999999998,920.739,918.379,908.699,864.915,815.814,700.612,586.415,516.929,451.241,404.097,377.92,407.975,412.037,360.98800000000006,283.019,168.195,95.2148,60.2878,37.8335,22.8518,,,,,,
1998-03-09 02:39:00,,,,,,,,,,119.558,111.756,103.955,94.1412,84.0984,90.9146,103.464,166.94,233.231,307.732,384.702,466.12,573.148,710.4060000000002,792.66,831.7410000000001,882.0939999999998,938.207,926.506,893.797,845.693,795.188,704.355,611.2769999999998,506.517,413.012,374.472,366.348,439.801,468.319,401.561,306.747,173.523,94.2291,63.9811,41.0592,22.5266,,,,,,
1998-03-09 02:50:00,,,,,,,,,,186.334,183.94,181.546,188.102,195.678,193.288,194.44,227.161,265.297,319.222,387.557,481.845,578.394,677.612,784.331,896.937,953.58,981.634,990.681,993.84,931.616,859.196,785.825,709.1139999999998,587.313,473.012,395.331,352.048,401.017,422.876,387.252,314.827,192.018,109.377,63.2667,38.2997,26.0004,,,,,,
1998-03-09 03:00:00,,,,,,,,,,160.733,211.905,263.077,276.78,286.217,248.135,217.693,255.487,298.622,357.327,421.765,496.529,597.375,729.01,825.426,894.195,946.655,990.781,970.589,930.473,887.799,844.7260000000001,748.6310000000002,650.441,548.555,456.597,413.121,389.323,418.305,423.395,377.827,299.013,174.68200000000004,94.63,54.8455,31.4716,17.9296,,,,,,
1998-03-09 03:09:00,,,,,,,,,,51.5589,168.9,286.241,269.668,237.849,216.859,202.874,251.167,295.874,330.1269999999999,389.15,492.788,593.613,691.1160000000001,786.826,881.1289999999998,955.949,1020.81,997.915,947.826,889.063,828.948,752.5889999999998,674.1569999999998,575.066,482.669,422.966,391.021,433.525,438.853,365.357,278.793,174.33900000000003,105.911,70.2459,42.4079,19.2594,,,,,,
1998-03-09 03:20:00,,,,,,,,,,229.518,303.071,376.624,379.151,373.591,326.68,287.725,319.796,366.515,455.949,529.077,572.837,653.87,778.9,892.7710000000002,997.881,1046.75,1066.88,1091.04,1116.46,1068.83,1009.81,903.121,793.378,664.36,546.0509999999998,480.042,438.513,462.638,459.905,400.222,312.0,184.704,105.038,68.688,43.322,24.5368,,,,,,
1998-03-09 03:29:00,,,,,,,,,,190.312,247.066,303.821,314.178,319.252,307.134,297.076,305.444,331.435,408.80800000000005,482.14,548.196,623.259,708.955,816.3860000000002,940.877,978.631,972.07,981.66,996.253,942.528,878.1510000000002,769.711,659.862,551.479,452.82,401.656,380.128,438.083,460.172,406.213,317.77,182.114,96.607,56.7053,34.1813,22.0685,,,,,,
1998-03-09 03:40:00,,,,,,,,,,140.611,323.657,506.703,504.847,481.937,449.284,420.903,430.587,445.571,476.004,526.768,614.154,710.307,816.807,912.807,1000.57,1037.37,1048.13,1037.75,1020.82,973.958,922.427,811.422,699.319,600.169,507.977,449.762,409.777,418.685,409.36800000000005,361.409,289.242,183.93,109.388,62.8297,36.4022,22.0357,,,,,,
1998-03-09 03:49:00,,,,,,,,,,108.301,196.389,284.4770000000001,291.441,289.1690000000001,265.314,246.05900000000003,267.855,294.628,335.913,387.80800000000005,458.812,536.946,623.495,703.446,778.216,852.4680000000002,926.455,908.527,862.1239999999998,815.3639999999998,768.548,676.165,582.883,498.721,421.69,379.485,362.083,411.203,428.206,377.111,298.392,181.854,102.844,57.9642,33.5612,21.4264,,,,,,
1998-03-09 04:00:00,,,,,,,,,,82.3287,99.9419,117.555,142.667,168.634,169.66,171.85299999999995,184.562,214.007,292.25,351.471,376.434,442.355,556.626,640.425,700.305,759.703,818.855,826.8,818.882,763.867,701.508,618.915,537.275,478.126,420.29,368.866,344.756,393.904,415.41,378.305,301.726,171.105,88.368,49.1769,27.6064,16.5928,,,,,,
1998-03-09 04:09:00,,,,,,,,,,48.8639,76.6696,104.475,113.469,120.321,132.364,145.855,172.213,206.871,265.73,327.6790000000001,395.192,464.151,534.819,611.4540000000002,692.7739999999999,766.077,835.2819999999998,828.0169999999998,797.061,758.432,718.605,613.389,509.496,454.32,402.315,365.79,349.639,388.132,399.155,351.935,276.869,163.678,92.8409,60.5207,37.5787,20.2552,,,,,,
1998-03-09 04:20:00,,,,,,,,,,40.1396,78.2597,116.38,91.6756,59.81800000000001,110.988,159.067,179.196,207.254,258.431,308.061,354.904,434.94,554.16,642.972,707.915,767.052,823.222,823.562,806.607,737.998,661.336,608.058,553.345,468.093,391.128,354.6330000000001,341.749,392.186,412.388,368.483,290.973,167.455,91.0129,57.3816,35.1442,19.7331,,,,,,
1998-03-09 04:30:00,,,,,,,,,,67.6746,94.5634,121.452,103.767,81.0059,110.18,139.874,173.918,209.349,248.825,299.545,370.515,441.817,513.508,602.369,704.706,759.791,790.7360000000001,784.102,765.828,706.182,640.085,572.148,506.095,466.61,424.307,368.24300000000005,341.095,391.503,409.767,359.879,282.4170000000001,167.204,92.6939,55.1977,32.4957,18.6572,,,,,,
1998-03-09 04:39:00,,,,,,,,,,35.9307,65.9987,96.0666,102.589,106.43,97.3205,93.2237,133.80700000000002,178.14,233.409,285.951,333.584,400.605,490.514,579.635,668.138,735.541,792.164,794.18,779.279,713.4760000000001,639.736,590.51,538.2819999999998,433.642,346.591,345.434,360.18,417.577,439.608,386.65,300.786,169.87,88.2064,51.3338,31.5532,22.0127,,,,,,
1998-03-09 04:50:00,,,,,,,,,,101.1,117.973,134.846,111.754,84.1118,88.677,98.1254,150.857,202.003,248.523,306.535,385.24300000000005,456.251,518.168,592.514,676.615,732.1089999999998,772.988,762.812,736.82,705.7280000000002,673.842,620.8380000000002,564.484,472.362,386.661,332.3180000000001,311.701,381.539,419.556,390.1,314.08,174.31099999999995,87.7007,49.435,27.5855,15.5712,,,,,,
1998-03-09 04:59:00,,,,,,,,,,23.5289,53.6451,83.7613,84.0841,81.0147,117.449,152.726,177.488,206.012,245.507,292.683,353.691,430.127,524.774,618.604,711.793,740.829,737.0889999999998,714.0269999999998,684.98,649.094,612.141,541.089,468.629,392.981,332.041,342.9290000000001,362.36300000000006,404.72,415.274,358.395,276.535,160.476,86.1942,49.9054,29.4631,18.5146,,,,,,
1998-03-09 05:10:00,,,,,,,,,,98.5257,100.728,102.93,99.8944,96.2619,90.8222,90.9808,140.969,191.364,242.944,294.182,344.80300000000005,409.621,491.197,580.255,675.184,725.205,752.2810000000002,735.002,703.982,650.6030000000002,593.737,585.606,571.899,459.342,363.035,346.087,349.76,408.737,428.981,367.097,283.404,169.852,92.8459,49.0763,27.2411,18.5472,,,,,,
1998-03-09 05:19:00,,,,,,,,,,59.7151,68.6168,77.5185,76.8532,75.0986,79.5421,89.8812,152.651,212.245,262.581,313.818,366.681,423.278,484.285,562.1519999999998,653.252,699.538,722.93,735.4060000000002,744.5010000000002,694.285,634.82,572.4209999999998,509.673,443.536,384.527,360.321,360.383,425.532,446.073,372.034,282.226,170.828,95.7989,53.843,31.1063,19.8841,,,,,,
1998-03-09 05:30:00,,,,,,,,,,95.318,108.911,122.505,117.933,111.294,114.294,120.716,157.55,199.17,254.747,314.405,381.415,441.875,494.602,564.2180000000002,647.09,694.199,723.0360000000002,731.34,733.283,669.7539999999998,596.0169999999998,556.405,516.141,450.99,390.68300000000005,354.031,343.555,403.283,421.24300000000005,350.642,266.237,162.93200000000004,91.203,48.1885,25.3436,14.5825,,,,,,
1998-03-09 05:39:00,,,,,,,,,,120.335,159.659,198.984,159.547,111.142,121.979,137.11,190.142,237.497,268.298,311.32,376.35,447.295,525.219,602.85,680.25,717.5160000000002,734.279,738.1489999999999,738.0260000000002,688.302,630.845,578.786,525.618,454.8,392.029,368.55300000000005,357.526,379.884,383.698,348.1880000000001,279.285,164.66299999999995,89.8884,51.3522,30.5081,20.2637,,,,,,
1998-03-09 05:50:00,,,,,,,,,,119.413,137.363,155.312,135.39600000000002,111.168,130.46200000000002,151.52700000000004,188.121,225.342,264.391,311.553,373.332,444.049,525.32,597.225,661.7760000000002,721.313,778.289,786.7330000000002,780.143,733.9910000000001,681.669,614.165,544.71,455.786,378.592,358.675,358.335,410.504,425.55800000000005,361.917,279.785,172.33900000000003,99.4241,57.9131,32.6689,17.1707,,,,,,
1998-03-09 06:00:00,,,,,,,,,,119.812,161.24200000000005,202.672,178.755,147.39700000000005,156.029,165.953,187.164,217.49400000000003,274.41200000000003,326.624,370.361,432.955,517.809,585.55,639.861,693.385,746.507,732.451,697.5830000000002,692.638,692.3589999999998,625.8480000000002,555.494,463.842,385.69,373.465,372.255,400.587,399.656,336.67800000000005,258.235,158.621,90.6899,51.5706,29.2297,16.9409,,,,,,
1998-03-09 06:09:00,,,,,,,,,,158.657,193.161,227.665,231.575,232.002,197.236,168.935,198.342,235.957,297.503,358.035,416.74,468.68,512.635,576.91,657.135,697.1489999999999,716.62,721.1510000000002,721.055,715.3689999999998,708.812,622.998,533.961,438.186,356.3930000000001,342.8769999999999,343.146,380.383,388.422,334.55,261.087,160.804,93.3755,55.8246,32.7961,18.4683,,,,,,
1998-03-09 06:20:00,,,,,,,,,,222.989,247.685,272.381,258.846,240.958,225.628,212.117,214.77,234.077,301.939,363.281,412.882,477.473,559.76,617.961,657.258,678.63,690.8439999999998,684.409,672.195,649.589,625.361,598.631,566.687,464.841,374.356,339.355,324.95,365.786,376.694,324.146,253.88,159.356,95.4811,59.4793,35.9554,19.907,,,,,,
1998-03-09 06:29:00,,,,,,,,,,188.183,228.509,268.835,240.689,204.746,185.628,171.611,202.898,235.165,270.291,312.535,367.599,431.6,506.15,567.487,618.453,669.345,720.199,724.332,713.9910000000001,666.01,612.16,574.611,533.369,434.127,347.6430000000001,323.466,318.533,365.216,379.435,324.823,248.843,143.61,75.3769,40.7932,23.5679,16.7424,,,,,,
1998-03-09 06:40:00,,,,,,,,,,214.03,249.988,285.947,243.713,192.575,179.796,174.067,230.873,278.678,300.241,320.905,339.9530000000001,383.126,454.776,536.606,626.425,664.2310000000001,675.4639999999998,680.284,683.117,641.867,593.743,543.197,490.634,411.703,341.8230000000001,316.14,310.761,359.836,381.555,345.266,275.385,159.514,83.8923,44.875,24.7653,15.9834,,,,,,
1998-03-09 06:49:00,,,,,,,,,,164.537,200.306,236.075,220.322,198.702,186.407,178.74200000000005,212.225,243.605,268.858,302.236,350.2480000000001,407.982,477.194,532.956,578.161,606.116,625.259,637.205,646.9209999999998,588.242,518.8969999999998,479.044,438.17,369.534,310.517,298.482,299.163,333.9480000000001,347.88,317.595,256.321,152.62,85.7688,52.4304,32.9635,21.8073,,,,,,
1998-03-09 07:00:00,,,,,,,,,,303.291,353.9530000000001,404.616,332.741,246.914,218.858,195.755,216.423,240.73,275.648,312.196,351.682,403.6230000000001,470.269,517.95,550.744,566.366,573.214,576.661,579.055,552.962,522.4259999999998,463.719,405.039,359.946,318.197,292.778,284.589,322.611,337.576,303.65,242.621,144.484,81.1527,49.4746,29.0542,15.3784,,,,,,
1998-03-09 07:09:00,,,,,,,,,,282.013,293.34,304.668,266.523,222.745,207.282,198.118,244.852,289.8040000000001,329.559,365.411,394.233,429.996,473.953,515.4680000000002,555.065,568.4590000000002,568.4680000000002,581.132,597.716,551.995,496.559,467.126,434.818,351.142,280.869,276.052,284.74,329.649,342.191,286.1020000000001,218.442,134.939,78.2624,45.9827,26.3483,14.2901,,,,,,
1998-03-09 07:20:00,,,,,,,,,,306.209,319.8590000000001,333.509,283.343,225.912,189.711,159.806,185.824,210.747,232.478,267.461,326.314,381.987,433.908,472.091,499.491,521.893,541.74,518.119,481.03,454.408,429.417,387.109,344.01,298.241,257.207,239.293,234.832,266.451,283.579,269.97900000000004,223.218,131.05700000000002,68.4583,32.7447,16.1819,11.0927,,,,,,
1998-03-09 07:30:00,,,,,,,,,,338.381,372.272,406.162,335.4980000000001,252.93,215.686,186.941,233.593,270.116,277.103,285.771,297.466,316.63,344.6140000000001,380.15,421.615,443.24300000000005,454.735,445.311,429.407,393.036,353.475,337.788,320.5490000000001,270.938,227.71,215.648,217.923,258.648,281.10400000000004,264.823,218.454,130.892,70.5929,35.0875,18.8712,14.2114,,,,,,
1998-03-09 07:39:00,,,,,,,,,,352.595,353.917,355.23800000000006,308.445,256.17400000000004,190.609,135.721,175.919,219.449,272.7,303.772,294.896,309.369,351.406,410.68300000000005,483.49300000000005,483.485,446.275,437.36300000000006,437.218,425.1880000000001,411.306,378.939,345.37,304.092,267.017,250.46400000000003,252.169,302.847,323.213,279.309,219.458,137.77700000000002,79.2756,41.8558,22.0765,12.8661,,,,,,
1998-03-09 07:50:00,,,,,,,,,,250.734,263.394,276.053,213.01,141.346,135.02,134.03,180.176,227.456,278.04400000000004,311.279,313.26,348.84,424.084,478.779,517.344,563.394,613.2669999999998,591.276,547.021,531.492,520.443,494.17800000000005,464.679,398.231,336.43300000000005,297.336,281.331,327.258,348.645,318.0,256.842,153.911,83.2963,42.0717,21.9043,14.3528,,,,,,
1998-03-09 07:59:00,,,,,,,,,,95.2268,110.806,126.385,125.819,123.415,119.434,118.462,144.279,176.38299999999995,226.818,287.548,366.822,435.129,490.492,561.149,643.811,696.18,733.073,765.64,796.867,754.685,701.057,633.058,562.969,471.148,390.674,365.616,355.8130000000001,386.924,395.121,354.732,279.888,157.872,85.0919,57.0878,35.722,18.3333,,,,,,
1998-03-09 08:10:00,,,,,,,,,,72.6591,79.3185,85.9779,85.4827,84.1728,86.2641,93.239,143.654,196.525,256.556,319.458,387.533,457.474,529.619,603.496,678.7330000000002,724.695,755.701,769.061,776.955,748.11,713.538,642.616,568.203,463.251,370.131,334.792,322.655,372.744,394.955,358.059,286.138,166.265,91.7425,58.4604,35.1034,17.6928,,,,,,
1998-03-09 08:19:00,,,,,,,,,,139.884,150.109,160.333,129.09,93.1266,101.395,113.61,160.705,207.312,252.495,303.8590000000001,366.357,433.033,504.641,585.302,673.069,712.1339999999999,726.317,712.579,690.192,676.5369999999998,664.2439999999998,597.3340000000002,526.245,423.80300000000005,335.63199999999995,317.154,324.11,399.282,431.847,374.071,291.312,174.352,96.5984,54.5009,32.1514,21.6331,,,,,,
1998-03-09 08:30:00,,,,,,,,,,192.769,189.386,186.003,177.58,168.583,146.711,133.929,202.109,260.55400000000003,290.613,328.711,381.287,426.041,461.561,542.5409999999998,659.204,747.355,820.94,856.566,880.434,771.192,641.195,578.727,517.264,437.817,368.584,349.227,345.827,385.227,395.546,344.204,267.54200000000003,156.217,85.0764,50.4807,30.0612,18.135,,,,,,
1998-03-09 08:39:00,,,,,,,,,,46.315,134.674,223.032,202.053,168.623,151.711,138.989,163.47299999999996,191.375,229.243,277.42400000000004,344.177,398.108,436.905,487.61,547.664,592.565,629.727,640.735,643.6419999999998,624.975,602.944,531.482,458.385,386.208,327.04,331.406,345.146,384.026,398.284,360.334,285.967,161.744,85.2983,52.3022,29.9797,14.0519,,,,,,
1998-03-09 08:50:00,,,,,,,,,,100.383,145.27,190.157,155.22899999999996,111.212,119.65,130.63299999999998,163.981,199.93400000000003,243.481,292.4240000000001,351.084,406.394,457.7480000000001,523.932,601.757,642.31,663.822,671.373,674.5980000000002,651.683,624.692,571.184,515.401,441.051,374.253,344.333,334.376,377.959,389.154,331.676,255.361,153.25799999999995,86.4484,51.7346,31.0854,18.8626,,,,,,
1998-03-09 09:00:00,,,,,,,,,,148.96200000000005,172.628,196.294,158.757,114.25,116.213,122.081,162.454,205.517,256.422,304.215,346.404,405.001,482.967,577.812,685.904,718.523,712.584,712.16,713.444,692.8989999999999,668.95,610.063,547.737,454.93,372.997,344.1690000000001,333.57199999999995,371.871,386.057,349.117,278.786,162.74200000000005,90.0099,56.6672,34.3117,18.5387,,,,,,
1998-03-09 09:09:00,,,,,,,,,,67.6931,94.4973,121.301,115.166,105.28,108.408,114.477,146.642,183.471,233.903,294.33,372.763,454.392,539.797,606.242,657.802,712.4060000000002,768.564,760.4730000000002,732.4789999999998,700.68,668.288,588.138,507.658,445.092,388.752,362.8130000000001,355.701,399.078,408.461,345.767,268.033,169.708,98.1604,50.9647,26.5812,15.865,,,,,,
1998-03-09 09:20:00,,,,,,,,,,52.0039,92.1784,132.35299999999998,131.72299999999998,126.447,108.729,97.7304,146.60399999999996,195.886,246.36,306.324,383.381,450.272,505.163,561.561,619.141,670.7310000000001,719.2610000000002,752.8960000000002,781.9169999999998,723.385,651.201,594.736,537.5459999999998,463.098,394.278,352.941,335.375,381.561,398.798,354.658,283.218,174.40200000000004,99.9445,56.7339,30.8117,15.2474,,,,,,
1998-03-09 09:29:00,,,,,,,,,,90.2459,126.036,161.826,148.202,128.95,112.226,104.323,174.91400000000004,239.581,286.975,341.025,407.064,468.725,525.219,596.432,679.2,712.924,721.5930000000002,718.936,712.77,678.373,639.5740000000002,603.472,562.5509999999998,454.665,362.747,348.807,351.306,397.894,415.161,370.258,291.397,166.045,87.1886,50.6164,29.8686,18.6016,,,,,,
1998-03-09 09:40:00,,,,,,,,,,98.9232,124.613,150.303,141.793,129.389,125.746,126.535,166.72099999999998,212.598,275.068,346.926,435.694,514.685,582.133,651.524,722.44,759.105,778.2719999999998,775.127,765.071,727.222,685.04,625.252,563.391,481.544,405.969,361.018,344.892,406.07,432.27,384.306,308.439,194.37,115.097,67.4675,38.8173,21.5379,,,,,,
1998-03-09 09:49:00,,,,,,,,,,107.043,124.898,142.755,135.898,126.228,134.96,149.874,219.701,285.974,341.8780000000001,397.66,453.22,514.819,583.544,655.822,730.887,773.5989999999998,799.7819999999998,800.85,794.137,775.069,754.074,655.6110000000001,556.539,485.507,420.865,387.423,371.962,404.72,410.32,358.34,286.259,186.662,117.344,75.5627,47.2066,26.8936,,,,,,
1998-03-09 10:00:00,,,,,,,,,,106.521,126.477,146.434,156.548,165.542,154.78,151.322,212.96400000000003,275.531,340.7940000000001,407.088,475.24,529.289,566.688,620.224,686.424,746.1110000000001,802.4689999999998,826.872,841.3739999999998,803.992,758.5189999999999,665.387,571.849,495.15,423.645,377.507,357.648,408.267,429.92800000000005,390.189,317.482,199.639,120.616,76.8956,47.8267,27.5358,,,,,,
1998-03-09 10:09:00,,,,,,,,,,69.3971,89.2669,109.137,131.171,153.451,159.965,170.72400000000005,219.35,271.073,331.826,392.911,454.594,516.382,578.2959999999998,642.269,707.857,733.605,738.998,751.7539999999998,766.791,742.705,712.518,658.314,600.475,504.35,418.724,384.36800000000005,368.607,402.717,416.551,387.394,320.5,201.94,119.113,68.7815,39.2326,22.1349,,,,,,
1998-03-09 10:20:00,,,,,,,,,,128.114,135.856,143.59799999999996,142.91899999999995,141.282,150.487,166.56599999999997,243.754,314.714,367.514,431.921,517.234,594.819,663.2810000000002,739.745,822.492,852.768,856.237,848.555,837.4169999999998,790.7130000000002,738.4630000000002,673.471,606.028,511.13,427.9980000000001,402.324,395.184,437.751,450.872,401.55800000000005,327.218,218.615,136.542,78.594,44.1123,23.6893,,,,,,
1998-03-09 10:30:00,,,,,,,,,,58.3773,122.94,187.502,207.698,222.842,203.554,191.59,244.99400000000003,304.297,380.8,461.148,548.4209999999998,618.123,667.085,722.433,782.795,822.628,851.9730000000002,822.095,773.87,748.295,726.253,653.923,579.36,497.957,428.621,418.209,422.117,464.432,474.684,416.951,330.707,205.43,120.91,73.4537,43.3011,23.5153,,,,,,
1998-03-09 10:39:00,,,,,,,,,,42.6437,120.78,198.916,197.222,186.439,200.605,219.68400000000003,282.357,354.2480000000001,453.018,537.645,596.797,660.6210000000002,729.961,774.847,800.539,828.204,856.877,855.471,844.7460000000002,794.125,737.284,695.206,650.112,556.984,471.706,424.758,399.144,430.74300000000005,443.756,417.36,345.051,209.883,120.556,72.9174,43.96100000000001,26.1975,,,,,,
1998-03-09 10:50:00,,,,,,,,,,33.8784,147.54,261.202,286.171,301.04,287.428,283.041,360.894,434.273,494.606,543.668,572.429,632.5740000000002,729.765,800.2280000000002,849.71,871.493,879.123,855.637,822.5110000000002,798.2460000000002,775.362,731.987,684.679,593.359,506.485,441.322,409.758,468.307,490.544,435.786,355.023,238.659,150.549,88.1347,52.1582,32.0212,,,,,,
1998-03-09 10:59:00,,,,,,,,,,40.2994,77.6959,115.092,180.888,249.917,250.048,255.12,304.532,362.884,447.301,529.707,608.491,684.571,757.459,823.1260000000002,883.125,912.879,927.182,952.355,980.896,923.753,853.2510000000002,774.438,695.544,619.441,550.327,515.346,497.515,525.678,524.689,461.887,371.194,242.314,151.885,96.4224,58.6102,31.3722,,,,,,
1998-03-09 11:10:00,,,,,,,,,,71.1217,83.9655,96.8094,157.007,222.597,256.349,292.016,344.896,405.089,486.607,558.951,614.773,675.4989999999998,742.0160000000002,828.013,929.301,976.906,997.084,986.267,965.848,916.828,863.3489999999998,822.885,778.955,681.688,591.964,539.072,507.086,531.1669999999998,532.966,487.519,403.437,266.458,168.24400000000003,105.283,63.3075,33.9046,,,,,,
1998-03-09 11:19:00,,,,,,,,,,151.083,115.809,80.5344,148.678,228.596,272.524,316.518,361.295,411.745,478.737,551.87,636.063,718.816,799.868,875.03,945.569,982.121,1001.31,1000.79,994.173,949.623,899.158,843.7330000000002,785.9580000000002,698.4789999999998,614.922,550.521,513.841,551.512,554.805,485.207,390.466,261.302,164.535,97.2293,56.6022,31.9586,,,,,,
1998-03-09 11:30:00,,,,,,,,,,128.945,108.163,87.3822,158.74200000000005,240.593,296.224,349.935,386.714,434.784,515.779,592.049,659.808,739.495,833.2610000000002,895.765,933.728,953.264,963.385,946.096,920.314,876.442,829.748,801.299,769.132,677.7460000000002,590.281,521.9590000000002,486.146,537.5219999999998,553.285,493.535,390.062,226.726,123.538,75.0501,45.1777,26.4585,,,,,,
1998-03-09 11:39:00,,,,,,,,,,138.526,129.096,119.665,169.262,225.58,261.501,299.11,351.848,403.8,453.464,521.953,624.349,711.2360000000001,779.813,839.255,891.5260000000002,928.513,957.691,971.502,980.552,945.115,902.741,834.5110000000002,763.0310000000002,659.3760000000002,566.575,526.776,505.097,532.016,528.811,461.733,366.543,232.864,140.88299999999995,86.8211,51.458,27.2976,,,,,,
1998-03-09 11:50:00,,,,,,,,,,302.599,230.342,158.086,234.726,328.319,331.81,336.136,348.371,381.473,475.417,555.742,611.539,676.778,753.164,822.1089999999998,885.2130000000002,910.359,916.112,921.174,926.022,896.935,862.558,770.91,677.7810000000002,591.3290000000002,518.564,512.643,510.009,516.193,501.703,443.378,353.228,219.506,128.357,75.9234,46.0511,29.6956,,,,,,
1998-03-09 12:00:00,,,,,,,,,,374.75,286.165,197.58,214.576,243.594,313.568,373.716,346.207,346.685,428.763,504.963,570.571,652.3330000000002,753.163,835.352,902.91,964.308,1022.56,1026.23,1012.99,978.487,940.665,881.0989999999998,818.137,719.095,628.655,580.2230000000002,549.0790000000002,564.305,555.918,497.469,399.565,247.645,143.959,84.1375,51.8342,36.0173,,,,,,
1998-03-09 12:09:00,,,,,,,,,,349.256,288.7270000000001,228.199,230.835,240.664,289.165,330.906,312.283,326.561,436.774,534.245,608.7669999999998,679.242,744.94,817.8989999999999,896.558,960.641,1017.28,1026.58,1021.21,1030.88,1042.89,1012.89,976.058,866.018,768.4780000000002,731.982,710.6410000000002,729.943,711.14,611.545,475.18,288.473,163.363,94.2691,56.0856,36.4213,,,,,,
1998-03-09 12:20:00,,,,,,,,,,360.526,304.558,248.591,237.497,231.513,293.389,347.522,332.391,339.6330000000001,412.109,473.221,513.863,571.197,648.2330000000002,737.7710000000002,837.1239999999998,914.494,980.634,1016.03,1041.91,1043.76,1041.88,1013.88,981.179,896.72,820.34,783.416,768.546,812.829,797.7360000000001,656.747,490.959,291.221,159.523,89.7004,51.56,32.4008,,,,,,
1998-03-09 12:29:00,,,,,,,,,,860.648,860.5989999999998,860.549,669.84,457.421,486.169,503.339,416.1880000000001,360.636,397.22,447.278,521.606,600.476,684.7080000000002,739.069,769.9839999999998,852.164,960.534,987.923,990.225,1023.59,1061.81,998.02,928.901,834.934,757.4789999999998,760.65,767.175,782.695,759.42,653.886,513.361,324.931,190.003,103.731,56.1966,31.8716,,,,,,
1998-03-09 12:40:00,,,,,,,,,,879.591,878.0239999999999,876.4580000000002,736.7760000000002,581.369,530.2,479.233,429.501,405.136,454.733,498.773,532.802,573.575,622.309,686.5980000000002,763.0980000000002,840.12,917.407,955.092,980.509,1001.79,1022.42,965.106,905.453,850.443,802.454,788.755,780.185,785.373,744.363,605.399,458.847,301.906,182.855,98.2603,51.67100000000001,27.8511,,,,,,
1998-03-09 12:49:00,,,,,,,,,,915.104,1070.96,1226.82,949.761,623.4159999999998,542.8380000000002,466.655,428.255,409.296,447.018,485.93300000000005,526.998,583.717,658.915,717.7919999999998,763.8580000000002,829.584,905.355,949.491,983.827,998.431,1009.96,970.603,927.198,852.4739999999998,781.934,731.834,697.137,703.752,672.041,559.066,425.994,265.408,153.499,85.8578,48.4657,29.1965,,,,,,
1998-03-09 13:00:00,,,,,,,,,,876.659,912.091,947.524,790.5160000000002,611.597,534.819,460.93,412.199,392.189,455.922,515.102,566.081,616.5980000000002,666.572,712.666,755.716,792.194,825.314,876.206,932.604,949.596,960.442,909.144,853.745,771.605,697.6489999999999,663.66,642.359,655.092,641.5740000000002,572.396,456.742,277.459,156.612,88.90700000000002,50.7081,30.1866,,,,,,
1998-03-09 13:09:00,,,,,,,,,,1004.84,1022.68,1040.51,842.763,620.472,528.0269999999998,447.859,476.252,500.69,513.594,537.452,581.039,631.335,689.551,719.888,728.341,777.0830000000002,846.4069999999998,917.71,989.626,1009.85,1022.01,936.174,848.7410000000001,785.5310000000002,723.461,666.952,636.346,675.209,670.796,574.624,446.774,275.555,157.514,87.8318,47.1459,23.8321,,,,,,
1998-03-09 13:20:00,,,,,,,,,,1005.13,1046.94,1088.74,826.6510000000002,529.962,456.301,390.772,396.413,409.972,446.61800000000005,499.98800000000006,583.481,653.932,708.9860000000001,771.95,841.1239999999998,914.682,990.48,1037.39,1075.35,1074.08,1066.68,1024.27,975.697,859.528,756.044,714.507,682.2360000000001,674.815,634.818,525.751,399.633,250.169,145.63299999999995,81.9528,48.7602,33.8331,,,,,,
1998-03-09 13:30:00,,,,,,,,,,1290.32,1355.73,1421.15,1124.48,786.595,588.582,411.862,423.87,442.223,479.073,525.788,590.271,652.957,713.5239999999999,784.47,863.563,946.735,1031.99,1071.82,1097.58,1114.09,1129.15,1053.31,972.126,860.796,762.8389999999998,730.187,711.3960000000002,729.78,704.0139999999999,584.638,439.875,260.353,142.306,80.1651,42.8339,20.3665,,,,,,
1998-03-09 13:39:00,,,,,,,,,,1159.47,1253.25,1347.02,1141.21,901.295,699.7660000000002,515.775,487.634,467.758,471.98,505.502,591.8009999999998,673.5160000000002,749.821,840.6510000000002,942.882,1029.06,1107.03,1154.43,1192.37,1181.42,1162.84,1084.38,999.725,858.878,735.1039999999998,694.703,671.875,696.18,678.47,571.677,441.543,279.456,163.321,88.9745,45.6749,20.9759,,,,,,
1998-03-09 13:50:00,,,,,,,,,,1338.04,1561.36,1784.68,1571.67,1308.97,908.341,545.865,523.679,510.468,523.4259999999998,562.404,648.245,713.8330000000002,755.51,830.0039999999998,930.257,1040.98,1157.05,1220.83,1268.41,1240.59,1201.02,1103.88,1005.96,924.427,844.648,773.42,727.203,748.061,726.34,614.336,466.937,271.079,143.77100000000004,78.8034,44.6204,28.8809,,,,,,
1998-03-09 13:59:00,,,,,,,,,,1229.31,1717.88,2206.44,1923.74,1553.22,1121.92,718.937,568.349,463.354,491.3,527.969,580.3480000000002,661.9810000000001,778.1460000000002,900.572,1027.91,1137.46,1237.92,1273.45,1288.87,1286.42,1281.17,1181.27,1076.96,957.026,844.565,768.5889999999998,709.367,695.082,652.13,548.396,423.62,270.034,163.937,101.028,58.5495,28.3106,,,,,,
1998-03-09 14:10:00,,,,,,,,,,1093.11,1631.72,2170.32,2066.13,1888.75,1272.33,708.408,613.951,538.751,519.702,530.89,596.5409999999998,668.568,748.122,859.721,996.476,1122.25,1242.41,1321.5,1387.87,1354.78,1306.19,1196.46,1083.76,959.297,844.262,775.262,721.073,706.6039999999998,659.8,544.434,418.242,277.225,168.805,90.0293,48.8921,30.305,,,,,,
1998-03-09 14:19:00,,,,,,,,,,1187.2,1716.1,2245.01,2168.74,2023.57,1413.65,848.883,688.4760000000001,552.594,488.224,476.045,557.87,655.097,770.503,877.1610000000002,976.952,1098.85,1232.05,1348.11,1458.87,1407.83,1331.56,1246.43,1155.55,990.363,836.6389999999999,738.898,672.6569999999998,690.903,673.2239999999998,579.374,447.456,263.421,142.971,80.3463,45.1777,26.4585,,,,,,
1998-03-09 14:30:00,,,,,,,,,,1240.09,1709.81,2179.53,2163.04,2091.2,1431.29,817.158,613.599,456.36300000000006,434.199,449.335,531.654,619.371,713.4630000000002,826.7610000000002,955.137,1099.57,1252.21,1326.86,1377.34,1386.5,1389.21,1277.42,1158.68,998.778,849.1610000000002,749.753,673.832,660.9060000000002,622.8,531.304,412.037,254.747,147.417,85.5199,51.3873,33.8887,,,,,,
1998-03-09 14:39:00,,,,,,,,,,1146.24,1896.29,2646.33,2491.06,2232.72,1527.18,872.331,670.865,509.237,463.774,464.432,548.161,643.234,751.698,881.033,1026.75,1143.87,1246.37,1335.73,1421.02,1377.77,1314.47,1226.1,1133.68,997.87,868.475,770.3860000000002,699.048,699.455,665.946,560.525,427.161,255.538,144.716,89.1869,53.9547,30.8829,,,,,,
1998-03-09 14:50:00,,,,,,,,,,1269.68,1920.48,2571.28,2818.03,3018.78,1942.93,947.499,674.495,470.276,466.61800000000005,480.041,524.226,611.423,749.393,881.8510000000001,1009.98,1150.24,1296.68,1381.91,1448.16,1439.88,1419.98,1341.73,1254.37,1070.3,904.272,826.3689999999998,760.585,727.301,667.923,553.216,423.026,271.641,163.356,94.267,55.6591,35.3128,,,,,,
1998-03-09 15:00:00,,,,,,,,,,1102.22,1904.46,2706.7,3431.66,4147.83,2861.87,1645.05,1054.09,595.961,525.105,496.005,542.115,644.215,812.408,977.332,1139.69,1278.83,1406.11,1445.19,1456.95,1432.53,1402.46,1344.42,1280.23,1145.37,1011.76,884.2139999999998,782.166,748.495,688.573,572.994,432.632,258.341,142.987,81.2317,49.3997,35.4952,,,,,,
1998-03-09 15:09:00,,,,,,,,,,1084.69,2208.98,3333.28,4295.33,5238.9,3373.76,1630.19,983.443,495.231,469.272,466.092,503.941,596.955,755.09,910.764,1064.51,1181.7,1280.23,1371.14,1459.68,1449.13,1423.13,1340.53,1249.19,1065.38,898.6469999999998,815.308,749.5,730.706,686.428,588.114,455.687,276.557,157.681,93.6003,55.8313,33.8261,,,,,,
1998-03-09 15:20:00,,,,,,,,,,1275.2,2029.11,2783.02,3102.31,3372.1,2593.76,1877.66,1720.92,1565.76,1415.18,1427.61,1733.66,1997.74,2212.27,2575.45,3055.31,3297.73,3418.82,2849.45,2066.19,1715.69,1432.67,1286.45,1143.78,985.479,838.4639999999998,746.585,672.5169999999998,646.22,602.586,522.194,403.698,233.036,122.742,67.3492,37.0004,21.6561,,,,,,
1998-03-09 15:29:00,,,,,,,,,,1211.85,1796.18,2380.52,2272.06,2084.72,1509.39,961.895,664.175,426.22,362.526,337.027,380.323,463.614,594.117,724.571,854.9839999999998,977.589,1096.2,1158.96,1204.42,1205.25,1199.13,1145.5,1084.63,947.403,813.322,694.5930000000002,599.62,568.362,525.118,456.46,360.53,227.262,132.961,74.0961,42.3576,26.8707,,,,,,
1998-03-09 15:40:00,,,,,,,,,,1105.4,1669.44,2233.49,2151.95,1996.9,1512.51,1046.18,742.334,490.069,388.201,333.1930000000001,362.587,418.276,505.008,603.007,709.8489999999998,817.2460000000002,924.925,1022.11,1116.04,1152.41,1179.8,1145.82,1101.41,943.752,794.997,689.7389999999998,609.775,597.653,559.904,467.821,355.4790000000001,215.401,125.53,81.3157,51.9452,31.4677,,,,,,
1998-03-09 15:49:00,,,,,,,,,,1221.67,1765.94,2310.2,2453.83,2551.84,2060.32,1569.53,1088.43,684.112,503.712,393.823,410.934,468.869,574.997,672.3760000000002,762.887,845.725,924.642,1032.41,1149.12,1219.63,1282.93,1216.26,1139.31,983.389,835.2669999999998,725.247,641.396,627.732,587.688,491.713,375.153,230.409,136.124,87.7249,52.848,26.072,,,,,,
1998-03-09 16:00:00,,,,,,,,,,927.683,1509.14,2090.59,2345.86,2563.99,2130.25,1680.3,1089.62,611.464,461.378,373.967,399.444,464.399,575.957,674.587,763.069,889.5360000000002,1035.41,1167.21,1294.66,1298.16,1282.33,1209.53,1130.25,989.18,850.325,722.2669999999998,626.781,618.65,579.7130000000002,475.456,362.219,236.687,141.786,74.7416,39.8828,24.3071,,,,,,
1998-03-09 16:09:00,,,,,,,,,,832.318,1448.94,2065.55,2404.86,2712.6,2090.78,1480.51,978.06,564.8240000000002,411.731,321.976,346.30300000000005,413.24300000000005,530.486,640.653,745.2669999999998,850.8639999999998,956.963,1043.24,1123.38,1154.79,1178.61,1113.16,1038.15,874.799,721.448,616.94,544.5419999999998,558.26,539.42,451.547,343.05800000000005,206.343,119.129,76.9303,48.2323,27.6228,,,,,,
1998-03-09 16:20:00,,,,,,,,,,888.3580000000002,1302.8,1717.25,2053.17,2380.14,1975.64,1557.88,1026.03,589.535,431.09,347.8730000000001,400.153,461.62,533.932,617.505,709.9169999999998,825.2769999999998,952.361,1036.41,1107.14,1123.28,1130.91,1067.25,995.672,849.696,712.637,619.12,549.304,543.057,515.197,441.51,339.918,200.12,110.888,67.6403,42.3779,27.8908,,,,,,
1998-03-09 16:30:00,,,,,,,,,,783.9789999999998,1270.25,1756.52,2053.37,2328.66,1953.67,1563.92,1046.18,615.069,436.511,337.223,380.713,447.8130000000001,542.7819999999998,637.253,731.331,850.3510000000001,982.115,1033.37,1059.69,1054.85,1045.15,1010.79,969.056,838.451,711.581,602.943,522.485,517.606,488.499,408.023,310.955,191.17,112.144,70.1835,44.8333,29.4345,,,,,,
1998-03-09 16:39:00,,,,,,,,,,794.8960000000002,1161.53,1528.17,1839.33,2144.18,1900.16,1629.97,1129.94,698.4780000000002,466.939,327.915,355.525,416.237,516.021,616.82,718.414,803.3580000000002,879.796,960.849,1043.33,1059.79,1065.95,979.815,889.23,781.2510000000002,679.4760000000001,607.997,549.432,525.502,486.14,414.059,321.14,199.69,117.906,72.1951,45.8789,31.1824,,,,,,
1998-03-09 16:50:00,,,,,,,,,,642.707,1074.14,1505.56,1822.36,2126.11,1884.48,1615.71,1108.38,667.7919999999998,421.822,287.938,355.936,450.705,577.077,677.702,758.117,835.31,910.857,972.104,1028.92,1058.42,1083.65,977.909,867.242,750.8989999999999,641.828,568.273,517.047,525.705,507.794,433.544,331.431,191.171,102.412,60.4883,36.6361,23.6108,,,,,,
1998-03-09 16:59:00,,,,,,,,,,614.005,1136.84,1659.68,1853.94,2010.79,1891.39,1729.74,1193.47,726.602,462.056,325.112,418.001,493.726,549.19,620.077,703.072,784.712,865.659,933.552,997.402,1014.37,1024.02,958.733,887.6030000000002,772.0189999999999,661.305,574.375,510.578,508.824,481.823,401.288,304.524,185.538,108.174,68.6617,40.1655,18.2693,,,,,,
1998-03-09 17:10:00,,,,,,,,,,674.1469999999998,978.049,1281.95,1623.38,1969.07,1801.45,1601.78,1119.65,707.081,497.341,372.8130000000001,401.761,462.811,561.756,641.195,705.324,799.878,909.976,957.796,986.323,965.279,936.505,848.831,759.039,668.0,581.328,515.9780000000002,469.695,474.55,459.039,400.344,314.891,192.804,109.862,62.5189,37.0621,24.7179,,,,,,
1998-03-09 17:19:00,,,,,,,,,,713.988,981.951,1249.91,1473.0,1690.97,1641.93,1555.41,1136.78,762.703,518.549,371.67800000000005,400.032,456.06,544.757,632.4119999999998,719.247,768.445,798.414,848.784,905.474,903.728,892.8689999999998,838.03,779.1360000000002,685.617,591.118,491.837,423.687,439.03,437.025,398.237,315.333,172.03,87.5019,56.4247,35.3577,20.288,,,,,,
1998-03-09 17:30:00,,,,,,,,,,511.263,823.005,1134.75,1343.46,1540.44,1485.19,1400.7,1057.45,740.68,501.144,359.44199999999995,393.952,441.252,503.648,583.674,677.54,741.842,791.0419999999998,830.523,866.992,878.61,886.3539999999998,846.6010000000001,799.145,668.9639999999998,549.118,479.741,432.885,446.427,436.18300000000005,375.504,294.4190000000001,185.396,108.669,61.3125,34.5455,20.1138,,,,,,
1998-03-09 17:39:00,,,,,,,,,,558.1419999999998,855.5830000000002,1153.02,1330.77,1494.9,1471.7,1412.69,1035.89,705.8480000000002,512.1030000000002,391.87,404.042,448.944,532.484,615.4590000000002,697.99,775.8589999999998,851.3480000000002,868.7439999999998,868.145,839.784,807.095,770.682,730.3689999999998,638.648,551.118,484.047,435.121,434.86,419.24300000000005,371.065,296.216,184.853,108.638,64.3861,39.5175,26.2616,,,,,,
1998-03-09 17:50:00,,,,,,,,,,512.613,718.3969999999998,924.18,1256.88,1604.03,1508.97,1384.74,1003.34,672.6080000000002,489.64,383.474,415.642,464.252,532.27,585.089,625.9780000000002,700.6460000000002,792.572,827.195,844.066,831.98,815.38,756.703,694.173,598.87,509.603,449.814,415.418,449.126,448.359,374.497,287.076,181.092,107.602,63.6639,36.981,20.6362,,,,,,
1998-03-09 18:00:00,,,,,,,,,,428.517,799.696,1170.87,1345.25,1497.21,1592.38,1638.13,1244.44,874.862,575.5840000000002,402.093,455.165,504.294,548.769,628.033,734.6060000000001,808.3739999999998,865.383,885.419,894.002,883.955,871.003,822.674,768.3510000000001,648.928,540.019,482.458,445.146,462.141,450.484,378.075,288.858,176.63099999999997,101.217,59.2818,34.1191,19.0053,,,,,,
1998-03-09 18:09:00,,,,,,,,,,499.106,784.8380000000002,1070.57,1313.66,1551.88,1618.36,1631.37,1169.42,764.528,525.998,373.501,375.964,416.359,501.532,577.763,646.975,732.355,825.9960000000002,911.32,994.069,952.477,891.498,805.395,719.6139999999998,650.012,579.701,505.923,453.073,456.351,441.74300000000005,389.21,304.745,176.562,97.6678,63.5973,40.481,23.9275,,,,,,
1998-03-09 18:20:00,,,,,,,,,,429.112,797.855,1166.6,1367.16,1548.57,1614.29,1635.58,1262.18,902.49,582.814,385.986,410.424,457.06,529.901,594.99,653.993,739.977,839.7439999999998,908.784,968.304,939.521,896.9689999999998,837.692,773.562,651.112,539.775,482.711,448.805,477.008,471.317,393.76,296.149,171.081,91.1002,52.1224,31.5532,22.0127,,,,,,
1998-03-09 18:29:00,,,,,,,,,,396.815,745.9580000000002,1095.1,1234.16,1349.3,1476.53,1555.36,1203.35,859.3539999999998,538.7230000000002,349.977,398.774,453.997,516.807,601.607,703.671,781.945,848.065,902.647,953.656,952.2,942.563,869.813,791.8810000000002,672.924,560.328,478.791,420.809,426.001,416.46,375.681,301.475,181.507,101.744,58.5453,35.0128,23.2626,,,,,,
1998-03-09 18:40:00,,,,,,,,,,535.509,774.018,1012.53,1296.31,1585.25,1596.68,1567.46,1177.9,818.46,546.847,377.088,390.783,436.246,519.21,596.597,669.607,733.975,793.929,855.0889999999998,916.622,924.365,923.72,861.311,793.658,683.507,573.146,461.761,390.121,425.076,436.204,396.812,320.961,195.195,110.658,63.6157,40.4306,31.5388,,,,,,
1998-03-09 18:49:00,,,,,,,,,,467.513,730.6469999999998,993.781,1271.87,1551.67,1632.74,1666.65,1281.88,909.485,573.183,360.755,371.446,416.572,502.35,601.7090000000002,711.73,787.1460000000002,844.882,874.946,896.437,937.693,982.031,882.097,776.13,655.62,545.7959999999998,488.156,443.99,435.96,414.472,364.448,291.251,186.33,108.924,56.5402,31.3606,22.4793,,,,,,
1998-03-09 19:00:00,,,,,,,,,,363.273,672.569,981.865,1221.06,1452.27,1513.24,1532.13,1177.39,834.8539999999998,527.887,337.225,356.0490000000001,402.035,480.085,557.362,634.0319999999998,719.497,809.457,881.181,947.255,937.873,916.725,827.4689999999998,735.875,644.354,555.105,476.958,422.853,433.233,425.421,379.037,303.456,187.902,110.699,68.3749,39.2668,18.0766,,,,,,
1998-03-09 19:09:00,,,,,,,,,,429.102,722.4580000000002,1015.81,1312.05,1608.62,1530.66,1420.35,1024.21,669.155,433.911,295.743,332.425,386.07,459.741,549.951,653.145,747.0110000000002,836.1110000000001,861.284,866.653,849.1489999999999,828.079,763.585,697.97,637.442,574.1569999999998,497.411,441.348,440.755,423.036,369.007,293.056,187.094,112.123,65.3361,38.0256,22.3839,,,,,,
1998-03-09 19:20:00,,,,,,,,,,340.21,692.95,1045.69,1165.96,1259.76,1230.21,1173.12,871.615,591.66,374.525,255.264,312.2920000000001,387.305,483.549,572.3009999999998,655.172,735.605,814.794,834.817,836.5110000000002,806.813,772.22,725.82,676.472,592.493,512.302,450.614,412.108,435.778,431.282,367.065,280.993,165.00099999999995,91.6639,57.118,34.3117,18.5387,,,,,,
1998-03-09 19:30:00,,,,,,,,,,311.1140000000001,580.937,850.76,1005.95,1148.08,1197.94,1206.51,848.115,533.447,346.269,242.577,289.257,355.999,446.426,527.736,601.89,674.4960000000002,746.312,792.835,831.523,836.742,836.743,772.387,704.368,616.602,527.372,430.991,372.383,415.081,430.189,386.794,311.663,193.082,109.937,59.0174,31.8976,19.0368,,,,,,
1998-03-09 19:39:00,,,,,,,,,,438.793,692.962,947.131,1103.21,1248.12,1164.28,1058.57,759.552,498.949,350.37,259.157,271.271,324.103,425.001,513.719,592.873,680.43,772.28,798.182,803.6560000000002,804.885,805.454,785.9110000000002,758.82,638.288,523.4209999999998,436.221,383.044,421.11800000000005,432.876,388.839,310.306,184.545,102.614,60.5435,36.4231,23.0572,,,,,,
1998-03-09 19:50:00,,,,,,,,,,505.861,613.553,721.245,903.807,1094.89,926.297,754.2710000000002,553.6619999999998,379.232,281.137,234.74,281.46,343.019,422.096,505.235,591.563,689.36,793.0160000000002,824.831,834.39,811.378,783.2869999999998,757.2589999999999,727.0930000000002,639.553,549.68,448.417,384.061,418.69,425.36300000000006,372.761,298.401,194.249,116.593,63.0324,35.6314,23.9032,,,,,,
1998-03-09 19:59:00,,,,,,,,,,370.32,525.613,680.905,783.7539999999998,880.6310000000002,760.909,633.882,443.004,283.863,217.26,194.46400000000003,250.574,318.695,400.997,493.751,594.7080000000002,704.8860000000002,819.7739999999999,840.076,831.075,809.3739999999998,785.692,728.289,668.102,585.778,510.516,469.74300000000005,437.172,426.596,401.426,345.3130000000001,267.914,161.373,93.2985,60.2055,37.3866,20.7232,,,,,,
1998-03-09 20:10:00,,,,,,,,,,349.477,539.138,728.798,723.613,696.242,655.357,600.602,422.49,280.209,242.401,234.026,278.664,354.691,467.773,550.035,608.106,694.5039999999998,795.373,818.1669999999998,816.7739999999999,828.9760000000001,843.298,766.052,684.255,583.384,485.293,400.779,350.316,391.176,408.426,375.616,306.32,187.072,107.859,65.0539,36.2799,15.9123,,,,,,
1998-03-09 20:19:00,,,,,,,,,,306.6790000000001,469.03,631.382,690.827,738.554,691.155,630.425,451.576,302.259,239.05,219.865,279.97700000000003,344.44699999999995,414.064,496.986,590.3530000000002,692.405,798.893,859.3530000000002,905.553,850.113,778.824,723.692,666.557,574.528,489.54,438.93300000000005,409.343,436.119,437.154,383.609,302.469,183.548,103.249,58.0746,33.1352,20.3192,,,,,,
1998-03-09 20:30:00,,,,,,,,,,236.537,407.158,577.779,585.8580000000002,575.429,572.8330000000002,558.889,443.909,334.603,241.83900000000003,197.377,239.913,298.676,376.592,464.646,560.656,657.8969999999998,755.7660000000002,780.383,782.306,767.445,749.965,706.1510000000002,658.3589999999998,568.706,485.483,433.661,399.959,414.854,409.115,359.6269999999999,283.029,169.312,96.5728,61.0979,35.6817,16.2919,,,,,,
1998-03-09 20:39:00,,,,,,,,,,241.418,417.307,593.196,641.48,675.235,616.5,551.1419999999998,427.339,313.556,228.988,189.386,230.776,296.285,390.265,497.36300000000006,614.756,703.492,777.5880000000002,800.46,807.462,793.959,777.2589999999999,725.75,669.373,562.982,462.912,393.709,356.754,406.288,421.708,364.794,285.0420000000001,174.023,100.246,60.3381,35.5498,19.8201,,,,,,
1998-03-09 20:50:00,,,,,,,,,,180.06400000000005,353.69199999999995,527.32,580.905,620.822,616.151,594.995,427.377,284.264,212.601,189.976,255.676,334.617,429.19,510.244,580.687,668.7710000000002,765.868,794.2439999999998,801.331,786.779,768.852,722.826,672.304,573.694,481.963,423.825,386.024,402.77,400.948,359.7530000000001,287.4890000000001,172.68599999999995,98.641,61.6616,35.6817,16.2919,,,,,,
1998-03-09 21:00:00,,,,,,,,,,232.923,393.059,553.195,615.246,666.1289999999998,638.698,597.625,435.564,301.742,250.262,233.54,279.422,335.73,404.347,491.055,591.962,672.347,742.248,776.112,798.813,779.37,753.355,691.02,626.49,549.099,473.637,407.597,368.778,402.967,416.72,387.141,311.615,173.18200000000004,89.8483,56.6231,36.6555,24.6307,,,,,,
1998-03-09 21:09:00,,,,,,,,,,161.144,361.281,561.418,653.134,732.505,675.023,610.901,488.43,367.39,250.522,199.173,265.833,324.393,373.392,471.483,608.109,695.1,756.7330000000002,771.831,772.512,772.457,772.2869999999998,710.087,645.115,571.46,500.507,442.75,403.102,412.021,401.981,351.741,281.325,183.286,111.431,63.3863,35.1238,18.7129,,,,,,
1998-03-09 21:20:00,,,,,,,,,,196.136,304.539,412.942,521.395,629.854,644.39,639.8009999999998,465.532,326.29,289.18,282.1020000000001,329.11300000000006,390.328,468.309,564.9540000000002,676.2489999999998,780.7230000000002,881.7130000000002,930.667,963.503,915.114,854.061,745.926,637.164,541.943,455.57,412.395,396.246,452.584,466.297,389.629,295.798,178.46900000000005,99.4527,55.2788,30.0199,16.0934,,,,,,
1998-03-09 21:29:00,,,,,,,,,,170.412,257.596,344.78,457.256,572.611,551.972,526.229,455.81,386.36300000000006,319.752,297.664,355.766,420.726,493.781,617.299,780.428,917.369,1040.93,1069.71,1069.12,992.919,904.929,815.812,725.123,613.543,510.475,448.968,408.11800000000005,422.669,416.456,366.216,292.766,187.538,112.364,64.5207,34.8695,16.1177,,,,,,
1998-03-09 21:40:00,,,,,,,,,,124.315,247.881,371.448,404.665,427.595,460.157,482.757,416.658,366.25,361.59,365.354,384.29,441.76,544.717,712.0880000000002,930.02,1082.43,1201.36,1214.57,1195.02,1096.46,985.567,855.43,725.4689999999998,606.951,501.077,456.955,426.732,433.787,419.732,360.913,282.126,175.99900000000005,101.361,55.3589,30.0409,17.1149,,,,,,
1998-03-09 21:49:00,,,,,,,,,,257.362,293.259,329.156,427.746,533.474,494.565,455.986,421.117,391.378,376.597,388.217,447.389,519.913,608.197,764.2330000000002,973.449,1158.64,1331.54,1333.28,1281.99,1136.99,977.377,884.6669999999998,792.556,677.21,564.145,462.223,393.627,414.414,419.98800000000006,393.305,324.055,196.526,109.178,58.3705,32.9839,22.8275,,,,,,
1998-03-09 22:00:00,,,,,,,,,,159.947,264.547,369.148,398.11800000000005,418.477,459.36,490.555,435.424,395.383,399.341,429.646,507.409,609.784,741.211,895.4110000000002,1067.49,1262.67,1469.66,1504.06,1484.99,1320.29,1132.89,960.778,792.184,664.387,549.62,498.481,463.258,470.72,452.908,381.506,291.533,176.137,97.5957,52.5717,28.6305,17.3203,,,,,,
1998-03-09 22:09:00,,,,,,,,,,192.422,265.764,339.107,364.888,385.253,433.766,474.162,442.175,427.437,462.994,514.965,596.501,707.0360000000002,851.801,1099.0,1426.59,1726.66,2012.67,1985.17,1860.55,1615.09,1350.79,1117.51,892.686,768.581,647.8919999999998,543.878,473.69,494.225,485.023,412.767,317.566,190.952,111.968,76.2984,48.8096,26.2217,,,,,,
1998-03-09 22:20:00,,,,,,,,,,119.501,162.083,204.666,312.404,427.561,443.031,461.6,508.267,553.339,593.758,662.451,782.072,962.707,1215.37,1503.66,1819.91,2194.44,2598.75,2552.42,2366.48,1990.12,1584.05,1338.75,1103.09,923.482,751.716,618.255,519.8380000000002,515.41,498.153,453.695,368.224,226.603,129.937,74.1531,40.6124,20.398,,,,,,
1998-03-09 22:30:00,,,,,,,,,,149.975,219.633,289.2920000000001,361.315,433.607,433.455,438.404,489.137,534.2769999999998,563.109,632.3919999999998,774.5319999999998,932.954,1110.6,1423.13,1841.55,2243.07,2635.96,2588.68,2405.04,1992.81,1544.93,1305.28,1078.97,936.872,794.9580000000002,653.952,547.32,532.875,498.235,420.773,324.316,201.852,120.791,77.3833,48.6583,28.7299,,,,,,
1998-03-09 22:39:00,,,,,,,,,,104.305,158.285,212.264,291.345,373.284,423.065,464.985,437.114,438.952,527.4119999999998,628.475,752.2339999999998,911.187,1111.68,1414.42,1797.4,2208.33,2633.52,2635.6,2506.61,2089.62,1627.73,1378.58,1140.67,956.234,777.549,626.9540000000002,516.663,514.467,495.304,440.166,356.277,233.026,140.923,77.1472,42.1043,24.2757,,,,,,
1998-03-09 22:50:00,,,,,,,,,,28.1605,114.802,201.444,248.669,291.406,388.779,482.727,545.91,608.582,669.765,767.4910000000001,931.037,1123.64,1350.55,1670.29,2062.9,2567.73,3129.89,3104.01,2895.97,2469.29,2008.51,1665.62,1331.49,1061.5,815.665,687.8,593.663,589.987,559.986,474.164,369.442,238.844,145.607,86.3477,50.6872,29.165,,,,,,
1998-03-09 22:59:00,,,,,,,,,,49.2311,125.693,202.154,265.578,327.517,405.478,489.035,622.316,741.301,818.607,928.59,1097.43,1340.27,1670.46,2110.65,2637.17,3148.74,3652.67,3484.98,3109.24,2571.65,2008.82,1684.57,1373.63,1132.03,903.952,741.84,615.9580000000002,587.245,541.909,461.325,359.392,228.229,136.892,81.7714,47.3798,25.4071,,,,,,
1998-03-09 23:10:00,,,,,,,,,,51.9987,117.23,182.461,253.505,325.212,395.991,472.97,605.12,722.416,796.3960000000002,902.857,1067.82,1303.5,1622.66,2084.85,2659.33,3158.99,3620.44,3450.07,3083.99,2563.47,2018.87,1670.61,1336.52,1103.59,887.795,755.669,650.352,616.935,558.639,447.59,334.0780000000001,217.196,133.827,80.9362,49.2977,30.392,,,,,,
1998-03-09 23:19:00,,,,,,,,,,18.9711,117.772,216.572,280.164,339.7480000000001,401.596,466.982,563.827,669.382,800.331,937.325,1085.21,1302.15,1600.62,2025.36,2549.2,3024.54,3475.09,3255.97,2829.41,2357.31,1878.1,1569.95,1273.48,1056.0,848.212,687.75,568.09,557.866,519.98,423.44,322.066,214.072,134.296,80.1829,47.2066,26.8936,,,,,,
1998-03-09 23:30:00,,,,,,,,,,58.632,96.9503,135.269,219.786,309.564,398.213,485.585,561.606,653.25,790.452,929.897,1073.38,1263.69,1509.25,1918.05,2454.97,2911.27,3326.38,3127.95,2739.44,2269.27,1786.37,1524.84,1273.91,1063.68,866.0930000000002,730.291,616.974,563.962,508.67800000000005,448.58,357.606,224.361,131.203,74.498,41.8913,23.7221,,,,,,
1998-03-09 23:39:00,,,,,,,,,,37.9154,110.1,182.284,219.136,251.966,400.052,538.376,589.203,653.619,757.66,888.86,1068.98,1290.19,1559.91,1927.49,2371.89,2839.88,3319.91,3129.89,2732.3,2283.39,1826.48,1565.75,1315.41,1114.64,919.274,750.299,619.029,588.879,541.288,456.718,355.4890000000001,231.452,143.352,87.9341,53.3555,31.2623,,,,,,
1998-03-09 23:50:00,,,,,,,,,,41.2653,99.8409,158.417,223.014,288.297,394.079,498.958,595.578,701.0239999999999,832.207,973.549,1133.19,1364.64,1680.88,2132.05,2689.14,3190.98,3664.61,3497.74,3132.46,2618.2,2080.71,1692.77,1320.77,1095.93,888.3330000000002,764.931,664.564,625.976,569.75,476.1230000000001,366.44,234.773,144.628,92.2438,55.9423,29.2764,,,,,,
