time,2.82,3.16,3.55,3.98,4.47,5.01,5.62,6.31,7.08,7.94,8.91,10.0,11.2,12.6,14.1,15.8,17.8,20.0,22.4,25.1,28.2,31.6,35.5,39.8,44.7,50.1,56.2,63.1,70.8,79.4,89.1,100.0,112.0,126.0,141.0,158.0,178.0,200.0,224.0,251.0,355.0,282.0,316.0,398.0,447.0,501.0,562.0,631.0,708.0,794.0,891.0,1000.0
2018-05-10 00:00:00,0.0,174.993,533.837,363.125,183.55900000000003,171.89,186.69400000000002,210.145,152.744,87.3865,12.1887,152.609,293.397,295.407,493.97900000000004,814.16,1250.83,1687.11,2122.81,2609.89,3337.28,4505.54,6092.33,8381.77,9709.86,9673.49,8511.87,7459.84,7771.72,9170.86,10578.6,10191.5,7714.65,5055.54,2923.91,1614.4,959.7080000000001,661.7310000000001,466.13199999999995,330.80699999999996,78.4349,223.45,109.742,34.3742,2.3859,7.3679,3.1884,0.83015,30.9915,48.1251,0.0,0.0
2018-05-10 00:10:00,0.0,23.6772,72.2299,270.997,372.045,156.42600000000004,49.4048,1.7972,34.5213,86.13,161.089,251.885,303.198,211.69299999999998,422.43699999999995,817.3589999999997,1165.67,1584.03,2105.87,2413.39,2812.82,3752.74,5522.18,7723.07,9484.95,9944.62,8369.12,7070.09,7666.46,9080.76,10238.0,9924.32,7840.51,5256.97,3026.98,1584.18,915.62,654.969,453.028,311.996,77.0451,229.834,159.472,60.8994,51.4673,0.76178,7.0921,8.0872,4.6338,2.5804,7.2629,1.5230000000000001
2018-05-10 00:20:00,394.33099999999996,398.425,402.51800000000003,273.941,202.17,330.89599999999996,247.49599999999998,65.3061,23.2511,47.8045,154.719,106.40799999999999,70.87899999999998,179.051,256.497,322.216,952.9989999999999,1495.97,1909.2,2278.34,2854.56,3946.49,5597.14,7412.21,8902.28,9403.19,8259.6,6932.43,7229.85,8772.99,10346.6,9967.15,7838.47,5195.83,2954.31,1571.69,1016.62,675.913,470.949,323.284,96.1298,193.635,138.819,56.9395,28.8905,18.308,18.7106,6.001,3.3647,5.2249,0.0,0.0
2018-05-10 00:30:00,589.659,363.556,137.453,110.08200000000001,91.13600000000001,22.8771,29.1206,70.1048,62.6252,74.9513,111.76700000000001,139.262,159.308,160.403,356.163,675.2719999999998,1343.11,1818.6,2009.9,2385.39,2979.18,3808.9,5267.72,7344.27,8705.13,9033.56,8477.42,6940.05,7301.87,8747.17,10101.2,9771.55,7473.03,5038.09,2981.06,1604.95,1017.14,713.98,499.87800000000004,341.209,94.6941,220.27200000000002,143.067,43.363,13.2018,19.2863,2.4635,9.2817,9.9385,5.0334,2.6153,0.41226
2018-05-10 00:40:00,375.19300000000004,391.395,407.598,295.953,183.21900000000002,113.82799999999999,53.1684,0.0,0.0,29.7176,96.181,267.95599999999996,394.336,299.95599999999996,306.382,377.63699999999994,705.8739999999997,1102.98,1601.82,2213.31,3062.92,4231.26,5399.77,7033.33,8284.59,8858.64,8700.57,7504.71,7478.08,8503.28,9641.41,9231.21,7396.32,5105.33,3105.27,1769.21,1067.98,726.056,515.716,347.25300000000016,74.388,194.67700000000002,175.34900000000005,38.3219,33.8887,16.0585,1.993,37.0267,28.6911,0.20564000000000002,0.72873,0.11487
2018-05-10 00:50:00,0.0,0.0,0.0,118.03200000000001,194.36900000000003,116.07,52.7315,6.1564,118.257,158.185,108.87299999999999,212.493,333.69199999999995,414.594,486.70300000000003,556.03,833.189,1168.8,1590.77,2160.61,2807.05,3483.02,5081.08,6874.26,8162.86,8762.63,8718.06,7652.31,7667.44,8555.09,9523.09,9246.94,7264.59,5015.53,3092.74,1802.1,1150.48,714.5219999999997,485.209,356.37800000000016,97.3699,245.817,133.86,61.3554,31.7556,18.8659,5.8265,9.1204,6.0813,0.0,0.0036079999999999997,0.052467999999999994
2018-05-10 01:00:00,0.0,0.0,0.0,0.0,0.0,0.0,27.8604,68.7532,92.2279,169.774,314.1790000000001,284.189,225.96,186.18,245.93099999999998,372.098,944.7919999999999,1305.19,1351.94,1983.57,3015.11,4086.26,5609.65,6980.66,8133.42,8706.24,8259.28,7571.55,7589.04,8247.71,8896.21,8372.55,6437.61,4427.89,2766.58,1646.56,1013.7,753.992,516.246,335.608,89.3084,226.57299999999998,117.285,50.6024,25.3065,33.3914,4.1442,4.5154,3.4988,0.0,0.20231,2.9421
2018-05-10 01:10:00,642.383,339.2030000000001,36.0221,0.0,29.0606,136.127,189.113,210.18400000000003,151.213,99.4439,56.581,111.975,194.94099999999997,306.654,457.55699999999996,637.0269999999998,1185.91,1520.04,1536.92,2480.52,3795.63,4652.66,6193.97,7423.85,8193.79,8446.72,8175.58,7050.83,6935.18,7838.49,8832.27,8185.0,6111.31,4138.11,2533.55,1458.72,986.615,706.488,489.73699999999997,311.58799999999997,79.3434,171.143,121.34200000000001,45.0772,19.3898,4.8302,15.4591,9.8906,3.4605,0.37096999999999997,1.4309,1.8991
2018-05-10 01:20:00,563.0269999999998,358.254,153.482,58.4538,11.6495,54.5692,162.108,286.368,137.82,53.0155,47.0307,160.267,269.687,288.879,494.42,815.628,1277.47,1616.78,1775.05,2760.47,4346.84,5993.6,7500.33,8550.7,9051.97,8913.2,8093.57,6984.7,6774.6,7190.41,7641.25,7223.82,5506.06,3805.01,2343.55,1284.77,760.6160000000001,642.69,438.235,288.471,96.1658,247.821,98.0357,54.4957,13.3286,18.7225,2.8927,3.9005,3.0588,0.97944,2.385,0.37596999999999997
2018-05-10 01:30:00,932.4019999999999,536.797,141.191,98.3544,97.0405,79.507,133.851,213.889,112.56700000000001,54.3348,49.3819,130.77200000000002,233.803,353.415,454.96,549.885,999.154,1404.46,1744.83,2755.47,4491.55,6704.73,8290.94,9406.78,9612.25,9041.64,8117.91,6686.13,6443.66,6774.63,7081.06,6693.25,4937.64,3209.44,1916.66,1174.37,754.291,584.371,406.211,279.163,69.6744,221.892,124.59700000000001,31.5917,12.049000000000001,10.2989,1.2782,3.1547,2.4445,0.34168000000000004,1.2964,1.4361
2018-05-10 01:40:00,265.691,181.52,97.3496,213.775,294.514,206.864,132.289,67.4803,57.3262,105.555,225.97299999999998,170.304,115.641,178.695,457.595,866.158,1091.93,1440.41,1970.17,3399.25,5346.08,7145.47,9446.72,10469.8,10244.0,9140.13,7765.42,6517.65,6302.93,6555.73,6711.01,6128.12,4475.15,2858.99,1686.36,1043.59,631.091,504.635,424.043,325.623,79.6355,198.878,140.518,32.9191,11.5732,16.4608,7.4509,9.052999999999999,5.4851,0.11406,0.53481,1.9632
2018-05-10 01:50:00,19.7159,226.075,432.434,206.81599999999997,0.0,0.0,29.2746,70.3405,60.3613,72.2638,111.223,140.80200000000005,214.368,441.68,647.7669999999998,847.553,1581.75,2097.73,2291.33,3093.18,4962.98,8014.26,9770.77,10585.8,10713.1,9981.36,8156.55,6942.43,6453.67,6496.38,6551.28,5793.73,4308.04,2886.62,1750.19,1017.54,712.582,562.918,445.319,328.47,81.1136,205.53599999999997,118.49600000000001,44.1523,20.4557,19.9436,2.4752,5.3564,4.6436,1.2712,1.8586,1.2549
2018-05-10 02:00:00,160.615,205.59799999999998,250.58,230.07,187.78799999999998,110.765,75.1317,63.4565,105.00399999999999,105.835,56.3221,125.415,263.759,557.545,714.882,798.425,1652.32,2229.23,2396.95,3233.15,4859.93,7110.46,8918.97,10358.6,10679.9,9940.36,8628.98,7304.59,6701.78,6628.61,6631.04,6000.78,4605.8,3075.96,1848.57,1115.4,798.303,526.651,423.129,341.264,88.0172,204.294,124.68,41.8303,14.0836,24.4633,5.981,4.2556,2.6091,0.71134,1.7254,0.27198
2018-05-10 02:10:00,577.312,365.96,154.607,58.6095,0.0,0.0,30.7684,71.9608,25.6204,16.8825,54.6403,48.3068,99.57700000000001,372.838,690.903,1036.77,1415.8,1789.65,2155.83,3027.19,4588.07,6806.91,8745.8,10409.1,10956.9,10389.9,9126.19,7130.83,6507.88,6587.06,6666.09,5921.46,4386.45,2831.63,1707.93,1123.07,772.3560000000001,549.875,430.22,340.77,85.2812,241.92,175.926,48.6047,31.4555,0.28281,2.6329,8.2189,5.6337,0.0,0.17455,2.5383
2018-05-10 02:20:00,0.0,41.0666,125.27799999999999,114.87200000000001,97.1683,94.1185,54.6506,3.9153,75.2082,130.234,165.14700000000005,272.086,394.353,521.303,728.6189999999997,988.591,1531.25,1878.43,1936.81,2631.61,3917.72,5577.26,7986.56,9575.94,10616.9,10701.8,9222.95,7415.07,6468.35,6286.25,6371.42,5858.4,4333.44,2857.98,1722.04,1050.26,791.62,556.002,428.29900000000004,317.5540000000001,84.3661,187.447,153.351,47.9086,28.689,8.2907,9.9707,5.3073,3.9335,3.6639,0.17301,1.7966
2018-05-10 02:30:00,321.126,169.567,18.0074,0.0,47.3831,221.954,193.32,67.0773,23.8817,47.0003,152.116,300.16,442.19699999999995,536.202,691.456,891.086,1646.24,2154.28,2297.26,2833.88,3860.75,5394.06,7740.82,9874.67,10795.9,10512.7,9519.35,7602.31,6548.35,6307.79,6322.41,5582.13,4124.74,2802.05,1743.99,1028.38,694.475,505.18699999999995,437.858,359.526,87.12,217.717,159.526,39.2714,19.4763,20.2705,9.3825,5.9055,4.2981,2.5848,0.0,0.0
2018-05-10 02:40:00,316.154,166.94099999999997,17.7286,61.2301,92.958,23.3345,30.6964,71.7924,25.5604,25.9337,83.9343,316.272,548.466,666.9739999999998,782.4780000000003,900.53,1369.8,1784.62,2119.0,2744.68,3850.32,5538.77,7549.51,9991.0,11046.9,10736.3,9895.92,7714.76,6651.92,6234.48,5974.96,5299.79,3956.8,2739.63,1746.9,1061.7,776.544,533.33,414.63300000000004,308.194,84.1377,172.304,157.247,30.2691,10.8612,20.8736,2.5906,44.3026,34.329,0.0,0.0,0.0
2018-05-10 02:50:00,240.19099999999997,191.87599999999998,143.56,62.3769,16.0569,75.2145,55.7924,2.1435,41.1734,59.4644,52.1117,103.152,183.61900000000003,324.944,675.297,1152.96,1593.14,1964.34,2233.65,2657.22,3423.6,4732.76,6913.88,10020.7,11239.8,10697.0,9829.65,7789.87,6550.95,6096.26,5967.72,5313.45,3828.11,2563.81,1645.66,1079.98,733.78,564.161,437.06300000000016,305.3590000000001,74.1772,172.308,158.863,41.2518,32.3741,11.9055,5.8076,5.2753,3.3810000000000002,0.82845,0.10069,0.24679
2018-05-10 03:00:00,0.0,73.0363,222.805,286.564,283.474,132.07399999999998,74.9575,65.6848,61.8553,69.467,91.2257,296.283,474.45,443.329,603.568,887.637,1720.66,2307.33,2530.07,3007.0,3574.84,4162.77,6929.77,9578.05,11015.3,10988.8,9690.75,7586.51,6454.4,5960.06,5677.18,5044.11,3653.15,2446.69,1568.33,1019.73,630.34,539.3380000000002,422.79900000000004,318.012,89.0848,248.498,167.615,50.521,30.9258,9.5527,9.1845,3.0603,0.10862000000000001,0.0,0.0084396,0.12272999999999999
2018-05-10 03:10:00,246.005,190.43900000000002,134.873,105.59299999999999,103.234,163.624,135.895,67.2683,59.25,72.5641,112.256,126.50399999999999,236.565,684.7669999999998,848.154,845.936,1524.54,2134.76,2643.96,3137.62,3708.4,4544.63,6475.56,8812.36,10505.8,10944.9,9774.42,7793.11,6568.94,5836.88,5361.46,4882.1,3469.55,2255.36,1437.4,1013.52,734.5310000000003,541.877,399.664,289.298,60.5,192.06599999999997,85.8907,26.6023,0.0,0.5025,4.6782,1.6851,48.6927,75.6124,0.0,0.0
2018-05-10 03:20:00,0.0,87.5286,267.01599999999996,181.352,92.0267,88.8405,78.3174,66.8595,102.962,88.7678,12.3814,175.645,394.49199999999996,644.306,1042.36,1526.95,1685.35,2037.59,2676.19,3393.19,4078.54,4696.71,6517.35,9835.38,11239.7,10703.2,9710.66,7673.84,6464.42,5678.57,5076.97,4494.68,3283.86,2282.75,1477.12,918.3969999999999,767.502,487.94599999999997,365.4,287.558,73.0476,185.92,137.625,39.5658,23.3615,7.2942,0.90528,7.7403,5.9977,2.0555,7.2842,1.1483
2018-05-10 03:30:00,321.129,169.56799999999996,18.0075,0.0,32.2337,150.99,112.001,2.1069,40.4706,44.5426,6.2128,48.2351,147.007,384.098,698.4810000000001,1065.22,1841.46,2427.91,2733.98,3365.53,4142.18,4845.89,6492.5,9227.45,10860.9,11028.4,10191.1,8202.36,6575.72,5682.73,5245.95,4466.33,3172.32,2134.41,1374.16,891.541,672.2289999999998,499.852,399.541,319.26,74.4394,227.736,149.15200000000004,42.88399999999999,26.7595,1.8163,7.8275,3.335,3.0460000000000003,5.1655,3.9303,0.61955
2018-05-10 03:40:00,0.0,0.0,0.0,123.59299999999999,187.636,47.1008,28.9591,69.8576,64.9956,57.7925,47.6944,159.446,273.848,318.026,596.524,1022.62,1798.56,2341.83,2541.39,2808.09,3329.72,4338.14,6221.09,8804.39,10941.7,11731.3,10455.3,8396.16,6812.83,5906.5,5399.54,4616.5,3438.57,2245.97,1372.97,908.9780000000001,652.569,519.444,411.44199999999995,299.992,41.4641,184.00900000000001,122.796,79.4713,100.456,0.67614,6.2948,8.8356,5.8788,1.2255,0.12297999999999999,1.7884
2018-05-10 03:50:00,323.823,170.99099999999999,18.1586,56.6431,98.3906,79.6537,135.191,215.445,76.7053,33.4886,108.38600000000001,109.902,123.26899999999999,224.062,334.48699999999997,455.77,975.289,1583.48,2322.67,2768.57,3378.77,4741.21,6483.64,9218.44,11157.0,11834.2,11349.9,8893.94,7147.0,6048.72,5407.13,4887.99,3623.9,2416.86,1508.79,964.6419999999999,642.78,538.643,436.57199999999995,320.883,75.4707,202.79,138.631,39.2465,24.8671,20.3854,4.6954,6.6962,4.5762,0.8865299999999999,3.2347,1.8499
2018-05-10 04:00:00,0.0,0.0,0.0,123.58,187.61599999999999,47.0957,30.697,71.7938,25.5609,0.0,0.0,53.4671,117.02,179.71,436.904,814.576,1318.99,1667.93,1787.17,2277.57,3097.2,4151.1,6205.56,9067.05,11184.4,11963.7,11264.0,9271.56,7220.05,5973.41,5512.46,5148.99,3675.24,2386.52,1454.5,925.553,707.513,539.373,421.05699999999996,321.937,65.5533,220.58900000000003,118.94200000000001,35.6632,18.8655,8.1886,8.477,5.0193,2.0818,0.4703100000000001,0.3528,5.1305
2018-05-10 04:10:00,20.9011,226.08599999999998,431.27099999999996,206.226,15.978,74.8449,55.5182,0.0,0.0,15.4489,50.0002,55.6283,66.4624,113.553,153.035,194.01,727.1160000000001,1225.39,1672.22,2237.39,2977.06,3967.63,5739.01,8657.23,11003.6,12125.8,11821.1,9421.9,7463.37,6261.3,5655.86,5098.56,3918.46,2597.84,1584.5,1022.73,699.132,562.955,411.353,306.971,79.9386,259.337,120.774,40.0406,12.716,12.2668,1.6696,2.8956,3.6774,2.6389,1.3935,2.5288
2018-05-10 04:20:00,580.898,365.99199999999996,151.086,56.8247,48.3524,226.49400000000003,168.00799999999995,0.0,0.0,17.2994,55.9895,29.825,49.7229,266.353,479.04699999999997,690.193,970.132,1226.14,1446.79,1970.2,2809.35,3903.81,5468.97,8243.81,10778.3,12190.8,11849.7,9760.12,7735.48,6477.3,5916.26,5391.71,4049.73,2765.85,1704.26,980.7080000000001,683.5989999999998,486.38599999999997,399.151,323.416,139.635,215.78599999999997,174.185,62.8625,6.7829,19.5776,13.2402,5.1639,5.4968,7.0708,0.11417000000000001,1.6602
2018-05-10 04:30:00,376.3,402.103,427.906,195.05700000000002,0.0,0.0,30.6707,71.7323,25.539,63.8843,206.761,136.564,55.2093,74.7587,161.898,292.471,592.637,920.1510000000001,1288.07,1635.22,2244.75,3425.45,4898.51,7376.45,9640.63,11628.7,13666.4,13308.2,12328.9,11393.6,10634.8,9813.01,7576.6,5256.9,3251.92,1840.42,1219.95,799.4580000000003,582.061,441.162,112.62299999999999,296.112,185.41400000000002,60.3781,28.3062,14.1946,1.7617,7.8652,7.0676,1.511,0.25251,3.6721
2018-05-10 04:40:00,239.0,191.865,144.73,62.9696,0.0,0.0,0.0,0.0,0.0,0.0,0.0,0.0,5.8425,31.2969,78.6238,141.846,407.325,732.745,1146.72,1982.92,3239.17,4761.91,6352.94,8897.17,17357.7,29619.0,40207.3,48711.2,54314.5,56157.8,52692.7,41899.1,29201.0,20245.2,14382.2,10443.8,6472.85,4971.37,3177.02,1687.18,269.704,900.409,472.417,156.654,80.4983,13.4911,11.4321,3.5622,1.7707,4.4984,6.24,1.6031
2018-05-10 04:50:00,602.246,361.231,120.215,159.667,192.59599999999998,106.506,103.405,139.40200000000002,128.278,88.1943,12.3014,52.5535,122.604,217.263,430.305,719.255,1291.83,1870.39,2457.77,3489.53,4937.08,6864.05,11846.8,16977.2,22584.9,28542.4,34532.7,41258.5,47487.4,52798.4,55235.9,51598.7,42948.8,33240.5,24302.1,16723.6,9610.27,6143.99,3655.51,2058.05,290.401,1203.13,562.018,150.855,67.4629,13.6791,127.352,45.8713,2.0215,3.1392,0.45708999999999994,6.6471
2018-05-10 05:00:00,250.582,184.327,118.071,153.844,205.58900000000003,263.286,165.90900000000005,5.8598,112.561,196.572,252.52700000000002,453.55699999999996,665.045,817.434,1131.07,1547.11,2270.11,2978.58,3665.6,4998.24,6830.2,8688.04,9472.45,13526.0,15295.8,15999.4,19479.4,17656.0,14546.1,12928.8,13564.5,15761.1,10099.3,6452.89,4212.42,2864.44,1984.25,1171.19,829.5010000000003,630.65,116.167,375.134,240.736,51.0335,26.0037,13.8786,2.2035,5.8686,4.4114,0.4039,1.5086,1.3496
2018-05-10 05:10:00,0.0,133.564,407.45099999999996,252.016,80.2754,20.1509,90.9081,214.426,110.48700000000001,70.4053,109.28200000000001,55.3684,38.1931,204.59,297.368,345.31300000000016,406.793,606.659,1010.97,1392.28,2070.88,3371.06,4707.02,7261.69,9491.38,11094.6,12240.5,11373.7,11219.2,10709.3,9726.17,8831.22,7227.84,5082.54,3248.17,2083.04,1379.85,912.755,608.616,393.29,102.24799999999999,230.512,183.084,55.8705,30.9843,10.8619,17.6363,6.9988,4.0277,4.9878,0.13332,1.9388
2018-05-10 05:20:00,814.804,542.09,269.376,223.24900000000002,187.074,95.6048,154.727,280.728,251.24599999999998,219.101,183.66400000000002,178.178,165.44,108.915,96.4098,115.008,469.51800000000003,787.405,1051.19,1420.38,2086.73,3218.43,4590.79,7130.99,9376.99,11057.4,12343.4,11577.8,10315.3,9010.62,7981.01,7474.46,5812.0,4068.85,2666.68,1745.98,1120.37,812.337,536.821,378.505,88.4679,331.1380000000001,128.399,63.4264,34.5274,5.8304,13.4114,9.2763,3.5989,0.69902,2.4771,0.39048
2018-05-10 05:30:00,0.0,25.408,77.5099,255.38400000000001,389.49800000000016,360.63,310.805,264.733,465.055,630.581,753.082,796.554,816.117,806.737,864.959,963.497,981.323,1088.72,1328.44,2358.81,3516.24,3951.93,5499.04,7223.34,9375.75,11409.0,12400.2,12099.6,10941.1,9793.35,8858.19,7879.31,6235.95,4764.39,3320.5,2028.53,1400.55,978.89,656.21,444.23900000000003,117.23200000000001,326.599,213.299,54.9661,23.1405,12.7596,8.0396,2.3568,5.2347,8.2131,0.29896999999999996,0.047127999999999996
2018-05-10 05:40:00,238.615,186.548,134.48,106.471,102.384,153.8,187.002,239.13,774.9789999999997,995.607,826.4639999999997,1134.18,1636.53,2482.6,2613.03,2322.15,3325.31,4217.91,4947.2,5345.38,6097.39,7862.53,8049.57,9509.52,11301.2,13375.8,15871.5,15051.8,13331.0,11559.0,10090.2,8960.84,7718.13,5985.47,4235.45,2766.15,1707.31,1159.37,827.189,578.3340000000002,114.315,351.056,236.752,55.7102,32.4017,10.5337,2.3543,2.0032,3.0101,3.0168,1.2005,2.5235
2018-05-10 05:50:00,244.623,190.695,136.768,100.096,104.51299999999999,212.97400000000002,316.698,414.527,451.968,435.718,353.07800000000015,915.9739999999999,1419.42,1304.12,1695.6,2404.55,3729.6,4697.99,5139.47,6401.75,7885.44,8814.8,11111.8,12200.7,14016.8,16186.4,17310.9,17228.4,15651.6,13732.8,12085.8,11011.2,9032.03,7047.55,5184.27,3563.24,2331.33,1511.61,983.306,639.684,140.95,405.582,289.923,58.9603,29.2486,21.4905,14.1294,4.1844,0.0,2.6519999999999997,9.3978,1.4814
2018-05-10 06:00:00,921.9010000000001,539.038,156.175,50.096000000000004,14.2212,66.6154,100.94,132.266,268.72900000000004,386.11300000000006,479.906,534.01,626.631,874.315,1198.91,1573.45,2182.2,2715.66,3137.9,4624.8,6464.61,7712.61,10703.9,13809.3,15868.8,17026.0,17984.9,17632.4,16534.4,14541.2,12273.0,10992.6,8483.51,6438.09,4815.97,3564.48,2625.14,1598.23,1020.95,655.207,167.61900000000003,368.583,384.486,59.8228,31.2516,13.5317,1.6794,9.0444,9.2832,4.4919,3.3997,0.53591
2018-05-10 06:10:00,138.221,210.18400000000003,282.14599999999996,131.56799999999998,14.1205,66.1437,101.66799999999999,133.493,244.77900000000002,327.69699999999995,375.54,432.64599999999996,478.165,478.775,638.259,897.4110000000003,1360.9,1953.29,2736.11,3393.68,4289.14,5874.25,8060.45,10661.3,12362.6,13130.3,13587.4,15143.9,13935.0,11534.9,9098.35,7642.57,6658.96,4925.8,3267.91,2120.32,1497.17,1081.64,754.84,515.001,136.714,344.57,179.725,76.5667,31.6099,33.1637,4.1159,3.3134,5.8591,5.1115,0.10644,1.5479
2018-05-10 06:20:00,240.02,186.287,132.553,112.071,96.0892,80.1546,129.289,207.96,230.465,188.438,66.6177,183.304,354.01300000000015,551.186,665.8939999999999,732.4760000000001,982.0,1314.27,1768.79,2263.13,3057.34,4407.94,5965.84,7965.3,9766.42,11051.2,11622.7,10932.6,9851.62,8629.04,7532.09,6868.94,5132.81,3692.65,2490.57,1559.89,1075.8,753.806,542.984,397.61699999999996,109.345,279.573,167.612,70.1452,40.6687,17.9754,18.5012,7.0934,1.5832,1.0702,0.0042049,0.061148
2018-05-10 06:30:00,128.984,207.329,285.673,133.50799999999998,64.2656,301.035,223.301,11.9654,229.84099999999998,361.68199999999996,387.144,336.162,309.33,413.20099999999996,403.8,331.3280000000001,753.118,1111.81,1377.29,1845.29,2613.46,3757.0,5557.65,7325.26,9197.88,10714.6,11150.9,10450.4,9132.86,8101.75,7255.19,5754.12,4531.6,3136.71,2053.65,1417.0,940.0930000000001,719.187,534.2719999999998,392.119,83.3918,291.168,187.044,57.521,53.132,18.3895,12.6751,4.2827,1.535,3.7377,6.8821,1.0849
2018-05-10 06:40:00,0.0,42.1943,128.719,104.705,108.51,226.99099999999999,247.092,211.73,75.3826,78.1562,252.952,239.702,243.15200000000002,424.774,497.515,508.53,906.5060000000001,1242.8,1487.96,2006.99,2782.34,3756.52,5463.38,7353.93,9088.35,10382.0,10952.4,10162.5,8971.06,7865.95,6924.27,5933.22,4554.95,3154.48,2102.94,1452.96,861.26,737.1089999999997,556.64,392.208,122.359,286.232,147.623,66.0247,22.1741,31.3913,5.0445,7.9856,7.8658,3.1101,0.14484,2.1063
2018-05-10 06:50:00,591.491,363.246,135.002,104.56200000000001,96.3069,76.012,151.526,267.443,247.49200000000002,289.402,407.80300000000005,312.52099999999996,221.95,285.947,353.19699999999995,425.19599999999997,718.3910000000003,995.275,1248.06,1958.38,2967.42,3981.44,5371.39,7152.67,8722.16,9936.07,10799.8,10080.7,9132.91,8082.12,7083.4,6329.55,4734.12,3200.57,2048.5,1359.79,936.732,782.341,588.979,414.435,101.708,296.592,192.827,60.8757,36.4514,1.8802,17.5048,8.3802,2.3016,1.0772,0.0005933,0.008627899999999999
2018-05-10 07:00:00,736.715,571.702,406.689,273.598,196.31099999999998,257.264,190.074,65.3736,62.6111,44.1114,6.1527,50.7333,134.047,293.783,414.779,514.315,791.694,1036.24,1232.29,1842.8,2696.32,3536.84,5158.42,7225.37,8781.1,9816.43,10670.7,9574.08,8451.48,7515.74,6762.91,6023.48,4269.59,2866.61,1842.89,1205.59,955.075,695.692,546.644,434.19300000000004,94.1291,311.425,214.213,46.4727,36.4033,20.7403,5.8037,9.6224,12.2608,9.0749,0.8163699999999999,1.9101
2018-05-10 07:10:00,1313.97,693.825,73.6817,0.0,12.0356,56.3774,154.097,268.99,216.358,167.637,123.75,137.757,166.174,205.365,265.76599999999996,340.994,565.281,766.1519999999997,932.433,1467.29,2411.38,3698.36,5356.24,7202.77,9011.44,10224.4,10167.9,9366.75,8300.82,7312.58,6424.26,5427.27,3857.52,2695.67,1846.37,1262.81,969.2589999999999,714.722,523.186,384.358,137.882,283.348,201.495,69.0435,22.3945,17.7077,12.136,7.7837,3.2201,0.70233,2.5972,1.9677
2018-05-10 07:20:00,250.808,184.28400000000002,117.759,154.765,204.49200000000002,250.898,233.503,196.834,381.954,399.38,209.454,141.505,144.012,303.818,298.644,199.674,665.743,961.868,1006.92,1466.72,2425.14,3831.65,5499.9,7337.15,8855.51,9893.36,10398.9,9370.97,8311.48,7334.97,6365.59,5180.75,3815.34,2609.76,1773.4,1302.46,926.703,704.4639999999997,540.484,414.801,103.57799999999999,304.832,170.88299999999995,58.1393,29.2969,14.1994,1.7623,6.997000000000001,5.4218,1.2514,4.4346,0.69905
2018-05-10 07:30:00,587.091,364.045,140.998,99.5743,103.75200000000001,164.60299999999995,131.31,61.3464,177.02700000000004,207.59799999999998,132.93,83.7442,61.7755,114.62299999999999,124.58200000000001,113.21700000000001,493.80400000000003,851.9939999999997,1177.09,1846.02,2639.57,3303.47,5010.92,7341.85,8944.06,9696.21,10011.3,9305.96,8239.89,7187.5,6221.21,5203.41,3707.39,2528.43,1701.0,1202.21,945.8960000000001,693.675,543.364,425.454,123.544,296.181,189.002,71.1641,32.8114,11.831,9.7509,4.9322,3.055,2.4474,0.22769,3.3111
2018-05-10 07:40:00,588.487,363.785,139.083,105.13600000000001,97.4996,91.4466,71.0347,55.8493,255.169,296.45799999999997,142.341,110.132,113.12299999999999,155.106,270.66700000000003,430.944,570.293,797.971,1156.14,1733.1,2568.27,3673.57,5431.28,7181.44,8608.27,9453.95,9506.75,8854.05,7955.28,7092.98,6205.61,4978.72,3501.36,2391.32,1673.22,1266.08,950.405,670.743,541.365,420.74699999999996,102.11399999999999,252.761,213.324,49.4837,32.8804,17.424,12.7606,16.4294,11.4403,2.6516,0.0,0.0
2018-05-10 07:50:00,0.0,74.2209,226.419,300.607,427.723,725.1469999999997,627.32,340.96,238.989,183.495,185.47,88.9999,70.7631,379.059,485.24199999999996,470.735,685.312,965.6060000000001,1342.99,1906.27,2685.14,3715.95,5657.16,7300.04,8513.18,9311.11,9745.06,8721.27,7834.82,7078.21,6317.62,5309.21,3544.91,2409.68,1657.7,1163.22,953.435,779.946,556.456,375.157,105.367,277.18,171.85,66.1179,41.3834,20.5551,8.1796,7.7088,6.0908,4.1889,5.7436,5.3201
2018-05-10 08:00:00,0.0,241.017,548.628,360.653,188.36900000000003,237.56799999999998,285.198,338.3730000000001,500.583,560.559,494.124,374.80300000000005,336.792,606.056,861.416,1102.94,917.005,960.409,1342.63,2113.71,3131.88,4165.49,5811.6,7227.67,8458.87,9325.55,9556.18,8996.51,8943.03,8541.51,7386.96,5374.27,4240.87,3169.39,2178.07,1380.28,1045.87,750.0260000000003,586.5830000000002,450.945,134.232,297.153,242.542,62.0965,28.7715,19.9394,2.4747,5.4606,5.3038,2.8883,4.462,2.5501
2018-05-10 08:10:00,622.558,328.7340000000001,34.9104,423.036,824.2769999999997,1013.91,1330.33,1750.89,2863.67,3777.48,4445.25,5745.27,6709.37,6135.33,6509.92,7461.56,8184.64,8946.61,9766.04,10297.4,10509.3,10542.4,11336.3,11391.9,11156.4,11165.7,11937.4,11822.4,10268.8,8948.38,8048.23,6705.46,5391.26,3639.07,2296.96,1626.28,1183.32,869.697,614.773,433.329,126.103,317.88,203.185,60.3134,28.4216,39.5737,14.062999999999999,6.6735,2.5823,0.60755,2.4756,5.0317
2018-05-10 08:20:00,621.4680000000002,576.521,531.5740000000002,432.385,564.6519999999998,1337.83,1949.33,2512.26,3641.99,4297.4,4366.34,4897.28,5336.34,5166.95,6416.61,8490.68,7116.31,6556.6,7200.42,7909.71,8636.0,9256.26,9266.23,9689.25,10301.9,10966.8,11542.6,11408.0,10850.1,9736.66,8168.27,6445.18,4823.63,3249.32,2132.4,1549.23,1170.84,849.273,617.7669999999998,447.967,116.024,319.742,244.926,49.1312,26.5268,16.4685,13.6906,4.587,3.6148,5.2098,0.85155,12.3834
2018-05-10 08:30:00,681.2739999999999,565.4169999999998,449.559,669.5139999999999,923.6460000000001,1147.98,1174.99,1103.21,1043.18,1209.51,1655.73,1602.48,1478.16,1439.57,1535.17,1720.91,2556.89,3160.88,3422.17,3785.75,4415.12,5429.96,6422.48,7749.05,8880.99,9833.55,10810.6,10668.9,9664.24,8546.21,7515.13,6402.73,4760.25,3196.62,2044.76,1395.61,1058.4,779.819,607.138,467.916,124.26899999999999,321.608,215.865,56.6745,24.4015,25.8064,3.2028,8.0568,7.6126,2.3041,1.4118,11.4973
2018-05-10 08:40:00,1143.73,941.3430000000001,738.9580000000003,823.3689999999997,1038.44,1500.42,1646.0,1644.0,1846.91,1761.84,1320.68,1167.04,1158.99,1452.98,1696.98,1902.22,1450.32,1410.11,1978.13,2396.05,2983.78,4105.54,5179.35,6653.59,8078.57,9202.22,9845.15,9735.17,8741.65,7785.83,6973.89,5838.43,4099.59,2730.79,1830.86,1334.39,966.6060000000001,772.291,593.164,440.67199999999997,116.008,315.279,172.981,61.1047,21.8722,14.5947,13.3015,11.258,7.7879,3.5943,0.13291,1.9329
2018-05-10 08:50:00,456.329,834.3689999999997,1212.41,1378.27,1646.2,2264.92,2814.15,3349.39,4246.51,4347.01,3462.48,3094.75,2769.3,2250.27,2156.57,2322.94,2493.51,2508.52,2293.71,2786.81,3758.62,4760.15,6217.26,7344.4,8353.75,9403.3,10572.7,10479.2,9383.72,8096.3,6951.93,5985.04,4291.91,2822.89,1742.63,1139.28,1038.6,725.965,558.572,445.50800000000004,117.43799999999999,311.324,159.65,72.8576,29.8913,6.8405,22.8337,8.0258,8.2523,14.0335,4.3194,0.6809
2018-05-10 09:00:00,898.826,542.28,185.734,465.339,852.815,1299.6,1169.06,774.414,842.87,785.648,573.026,673.462,799.567,808.555,765.3380000000003,693.302,868.943,1047.51,1230.39,2044.86,2975.14,3391.14,5099.13,7186.28,8690.22,9356.57,9297.46,9282.09,8250.97,7159.29,6294.79,5497.36,3826.24,2488.7,1608.91,1134.71,790.7589999999999,661.916,523.903,389.025,107.111,272.941,176.174,54.843,25.0328,18.7348,10.1468,12.2113,8.988999999999997,2.884,0.90504,3.8291
2018-05-10 09:10:00,1143.6,711.893,280.183,686.873,982.6419999999999,677.2330000000002,654.557,764.263,699.3910000000003,524.739,214.345,290.654,420.48800000000006,478.892,425.31800000000004,304.407,272.653,412.999,807.597,1341.65,2172.13,3430.09,5041.32,6607.61,8099.61,9252.13,9688.7,9081.66,7964.92,6885.51,6031.14,5346.76,3558.48,2341.87,1528.34,1015.68,789.0419999999997,615.8919999999998,475.93199999999996,362.36699999999996,108.443,268.298,186.92,64.5951,38.3115,13.1425,11.7031,8.1988,3.5039,1.9521,6.9177,1.0905
2018-05-10 09:20:00,428.401,610.169,791.937,1131.34,1245.36,697.35,531.964,554.7080000000002,495.63,469.815,485.12800000000004,340.64300000000014,225.93200000000002,314.931,366.22900000000004,393.426,335.967,487.782,948.768,1353.62,1957.31,3078.72,4783.65,6684.52,8389.84,9510.77,9670.56,8898.68,7856.16,6862.41,6019.05,5277.8,3687.52,2313.77,1464.98,1107.49,770.568,648.225,497.164,356.944,116.152,257.184,178.58,64.4047,24.7581,0.94037,8.7548,7.9543,4.1447,1.746,4.0497,3.4995
2018-05-10 09:30:00,735.049,570.5840000000002,406.11800000000005,1217.57,1777.22,1307.79,893.5989999999997,535.019,654.283,609.974,363.407,380.46,402.42699999999996,269.716,268.39099999999996,346.93699999999984,389.79400000000004,546.253,870.539,1437.67,2256.54,3282.91,4754.86,6776.01,8275.6,9015.86,9206.5,10312.3,9738.4,7816.66,5920.33,6347.57,5202.62,3464.07,2033.6,1269.64,899.7689999999999,646.38,457.275,332.153,91.7263,251.18200000000002,142.361,51.8572,25.6633,17.5505,11.8235,13.3571,8.9072,3.3681,5.3026,7.1815
2018-05-10 09:40:00,2114.61,1262.01,409.407,1254.55,2023.45,1973.22,1623.59,1161.14,1354.24,1235.39,730.828,733.909,753.52,498.99,391.017,376.64599999999996,683.696,914.9789999999999,1034.32,1313.62,1942.81,3078.37,4577.64,6757.22,8207.11,8875.8,9306.17,9041.16,7999.83,6939.51,6077.4,5265.0,3586.96,2350.68,1525.17,1052.63,848.3,714.1489999999999,534.298,369.37699999999995,109.626,251.268,129.659,73.0784,36.0064,22.5078,13.4675,8.4177,3.5033,2.2829,8.2566,3.698
2018-05-10 09:50:00,2505.98,1614.11,722.227,1400.96,2000.37,1818.37,1535.74,1226.31,1328.95,1131.3,562.347,441.03,455.594,635.6,597.535,430.401,602.548,741.1139999999997,830.067,1211.46,1906.71,2865.34,4269.64,6074.62,7807.71,9161.62,9871.27,9273.4,8160.09,7078.23,6122.72,5072.89,3538.21,2198.06,1351.65,998.2339999999999,761.817,612.227,497.75199999999995,395.8,120.72399999999999,289.07099999999997,166.56799999999996,62.2386,14.1424,5.4206,29.4798,12.2279,8.4532,11.2075,0.74541,3.6807
2018-05-10 10:00:00,693.198,791.1239999999997,889.051,1828.36,2945.1,4233.56,3951.9,2935.17,2889.91,2455.6,1540.22,1089.99,820.6089999999997,856.2719999999997,658.067,327.8769999999999,876.993,1177.32,1110.1,1415.17,2048.88,2869.21,4155.41,6042.75,7625.88,8724.32,9446.37,9051.54,8032.3,7020.95,6122.86,5076.34,3464.36,2238.25,1407.94,946.033,790.057,634.087,477.79400000000004,354.536,99.8205,274.54400000000004,193.703,55.7817,32.0345,1.37,12.7545,13.0918,7.318,6.476,18.9134,2.9814
2018-05-10 10:10:00,815.584,1226.53,1637.47,3074.33,4224.12,4232.0,3264.67,1911.33,2374.92,2778.41,3107.58,2353.79,1713.21,2155.9,2008.67,1513.74,2052.78,2312.0,2157.82,2280.67,2696.37,3346.7,4347.08,5615.75,7294.42,8852.91,9442.27,8863.45,7841.2,6762.85,5796.98,4972.23,3220.71,2091.73,1373.94,947.189,808.3810000000003,590.119,427.08,322.159,93.1345,258.508,189.30200000000002,57.2346,40.9317,4.7212,0.58594,7.5035,5.8143,4.3593,15.448,2.4352
2018-05-10 10:20:00,2671.76,2801.67,2931.58,3944.32,4490.81,3466.28,3672.29,4442.14,4240.14,3792.22,3040.21,1986.73,1025.54,569.908,372.659,337.98,673.577,849.189,788.446,1266.7,2157.01,3137.58,4151.3,5961.41,7597.19,8753.38,9378.48,8691.9,7571.26,6540.3,5654.16,4634.27,3116.26,1925.14,1224.03,950.447,752.2869999999997,576.268,445.653,337.546,85.6598,243.391,197.673,37.2894,24.8591,9.478,5.1904,19.3509,13.8591,4.7732,17.0013,3.9218
2018-05-10 10:30:00,2095.07,3137.13,4179.19,5992.71,7241.75,6696.41,7425.79,8646.11,7256.94,6482.16,6467.07,4442.5,2349.94,1333.94,798.945,562.621,698.709,842.45,997.495,1543.38,2336.02,3125.7,4348.78,5646.59,6863.66,7862.54,8492.68,8210.57,7437.61,6487.97,5657.81,5261.67,3237.71,1965.02,1265.45,941.475,756.1010000000001,553.389,420.55400000000003,337.995,115.381,280.871,224.29,52.8665,23.4679,5.7834,18.6079,16.3417,13.5338,17.3983,29.8533,16.7978
2018-05-10 10:40:00,4388.31,4602.72,4817.14,6660.24,8364.15,9105.01,10086.6,11088.9,10358.4,10157.4,10611.3,8025.31,5226.33,3686.24,2406.91,1303.96,1561.7,1588.86,1275.37,1574.83,2196.45,2698.17,4032.86,5551.22,6683.15,7491.55,8296.97,8396.59,7322.73,6371.86,5672.38,4527.02,3131.06,1968.8,1191.94,834.909,803.21,613.065,452.045,322.183,111.14299999999999,222.013,168.667,55.3884,18.9152,12.7571,15.027000000000001,13.8138,20.169,22.5948,8.4964,22.0352
2018-05-10 10:50:00,696.4060000000003,3076.67,5456.94,8571.65,10913.9,10917.1,11422.1,12106.3,11520.1,10865.2,10125.5,9067.93,7404.62,3914.46,2497.63,2345.24,1955.73,1584.02,1238.61,1417.64,2060.67,2910.15,3719.91,5081.45,6438.0,7633.64,8646.93,8729.42,7901.62,6747.78,5642.7,4859.37,3255.88,2007.34,1244.16,919.7439999999999,766.0830000000003,630.1759999999998,483.327,362.43800000000016,114.74700000000001,277.67900000000003,170.593,47.3233,12.109000000000002,36.1375,4.485,10.1537,20.9939,22.4217,8.4776,19.3521
2018-05-10 11:00:00,2396.05,4145.65,5895.25,10759.4,13993.3,11724.2,12309.5,14162.7,13075.3,11888.6,10579.5,8947.08,6912.61,3738.37,2071.71,1330.89,931.587,637.615,499.26,705.65,1269.33,2110.39,3381.53,5155.07,6378.99,7214.63,8311.73,8441.21,7620.8,6566.89,5549.56,4555.27,3022.62,1943.64,1260.23,904.938,803.698,564.2669999999998,424.035,336.504,104.259,261.798,207.56900000000002,42.1748,21.3612,23.1163,2.8689999999999998,16.1324,23.7272,22.009,17.1099,15.5721
2018-05-10 11:10:00,57.2256,2561.49,5065.75,7636.26,9960.04,11597.6,15507.8,20272.2,20021.6,17654.3,12669.8,9051.18,6172.82,4892.3,3208.39,1296.56,880.414,566.2230000000002,402.648,722.933,1394.29,2138.13,3252.85,4820.85,5930.47,6780.19,8018.03,8629.48,7799.8,6606.29,5581.81,4934.99,3340.43,2047.51,1280.33,972.47,682.117,627.639,481.32599999999996,326.853,99.7796,229.84599999999998,179.076,42.6905,17.0982,18.2736,6.5027,9.868,12.8935,10.6319,3.86,24.3296
2018-05-10 11:20:00,1404.48,2322.77,3241.06,5369.76,7322.83,8366.41,11894.0,16477.1,17674.7,17100.2,14334.5,13793.9,13075.1,10312.9,7558.15,4821.35,3162.34,1887.35,1179.71,761.068,953.591,1959.07,2902.67,4195.72,5416.44,6543.66,7711.7,8534.25,7962.93,6978.5,5938.89,4809.56,3397.61,2113.35,1293.71,963.916,762.404,671.932,526.933,385.412,110.199,278.763,153.778,58.5972,19.9923,15.7964,4.159,7.5454,11.1967,11.7657,9.2136,6.9454
2018-05-10 11:30:00,2413.21,3081.73,3750.24,4813.37,6019.12,7464.91,9844.75,12695.5,15546.5,17321.2,17764.8,16529.5,15128.8,14263.4,12310.3,9678.08,5905.36,3191.96,2043.57,1489.92,1460.16,1723.81,2702.22,3948.56,5233.12,6552.55,7955.59,8541.54,7795.04,6784.28,5849.69,4855.92,3431.81,2121.15,1299.95,991.196,776.695,685.2869999999998,491.967,338.501,104.84,288.861,190.965,49.5544,24.6188,20.4607,2.5394,9.7371,14.3324,10.5398,1.2962,18.8494
2018-05-10 11:40:00,2973.09,3684.01,4394.92,5888.08,6943.21,6539.46,9229.37,13376.1,15755.5,17505.0,18475.8,17823.4,16706.1,15082.2,11230.1,6050.52,3649.36,1860.7,976.8910000000001,441.115,483.05300000000005,1227.67,2332.13,3678.28,4800.35,5814.78,7066.55,7884.63,7607.83,6780.76,5798.98,5011.17,3417.9,2056.61,1233.47,951.378,836.715,633.102,467.336,340.561,127.52,252.614,221.78400000000002,62.8094,30.485,19.6457,17.4059,17.009,10.5696,4.4745,7.4654,9.01
2018-05-10 11:50:00,0.0,1617.86,4246.41,4978.08,5708.74,7123.2,8583.15,10135.4,12881.8,15441.0,17768.8,20389.4,21682.7,18330.5,14142.9,9466.18,6509.67,4161.94,2713.58,1661.1,1148.83,1242.18,2189.78,3216.62,4375.91,5602.85,6780.84,8040.38,7832.07,6944.46,5878.06,5003.45,3491.01,2257.96,1378.24,906.655,903.1310000000001,691.2260000000001,503.789,374.26199999999994,127.79700000000001,295.111,186.146,67.7903,23.619,11.6985,4.6594,9.8695,11.0788,10.927,15.4811,11.5487
2018-05-10 12:00:00,934.0219999999999,1797.2,2660.38,3486.1,4598.47,6493.84,8268.64,10084.7,13655.6,16311.0,17834.1,20012.5,21213.1,18706.5,15694.7,12360.1,7906.4,4427.91,2390.16,1336.16,1019.72,899.8,1559.7,2974.8,4149.38,5247.9,6896.81,8174.96,7953.52,7028.72,5939.55,5121.7,3697.46,2344.31,1423.18,1002.62,798.159,629.036,517.578,425.023,107.676,318.525,180.264,60.3278,28.5903,9.2196,16.6011,11.312000000000001,12.3182,13.5598,4.8859,7.1742
2018-05-10 12:10:00,2794.73,2055.19,1315.64,2885.13,4739.14,6521.21,7936.98,9190.28,10825.2,12957.0,15703.3,16595.4,17050.8,17244.6,16093.5,14090.9,9743.21,6195.36,3829.18,2234.03,1356.64,945.971,1581.94,2729.65,3932.26,5241.8,6877.91,7874.22,8005.91,7349.8,6260.87,5358.76,3917.79,2376.49,1397.37,1083.32,841.372,705.9889999999997,517.766,359.061,117.62700000000001,273.14799999999997,192.77599999999998,62.2171,30.503,21.1336,20.2335,6.4289,0.11907999999999999,1.0533,3.6812,9.2681
2018-05-10 12:20:00,287.824,1489.68,2691.53,3264.09,4109.24,5913.86,6952.15,7587.28,7932.18,9067.37,11179.8,12795.7,14433.1,16464.6,17074.9,16772.7,12964.8,9539.13,6678.17,3854.67,1925.08,1737.66,1859.1,2731.4,3737.83,4998.44,6884.0,8238.76,8305.37,7405.09,6161.83,5513.25,3790.03,2316.69,1361.36,970.2439999999999,930.328,688.168,517.807,395.66900000000004,102.934,294.366,212.519,47.1205,25.6665,10.6806,4.8291,12.3359,11.2339,5.376,4.8234,7.1532
2018-05-10 12:30:00,3861.07,2530.33,1199.6,1938.93,2968.98,4030.15,5054.46,6024.8,6386.15,7095.15,8234.04,10099.8,11979.0,13430.9,14335.5,14868.8,12458.2,9613.06,6126.04,3546.07,2035.94,1477.44,1639.05,2632.12,3775.66,5107.1,6909.5,8113.25,8281.65,7562.87,6367.15,5367.42,3799.39,2377.01,1458.78,1062.64,781.612,617.14,532.433,425.23900000000003,106.757,266.462,208.11599999999999,59.6203,38.663000000000004,10.5354,1.3075,0.7355,0.56992,0.09679199999999999,0.34299999999999997,0.054069000000000006
2018-05-10 12:40:00,280.444,1490.46,2700.47,3398.36,3992.05,4491.43,4880.95,5224.72,5733.93,6638.72,8032.66,10408.2,12554.1,13291.7,14004.9,14649.6,10984.3,7790.77,5294.07,3187.21,1848.41,1547.06,1782.94,2649.14,3710.85,4985.0,6626.26,7725.9,7722.65,7009.24,5956.98,4986.99,3573.86,2287.86,1418.59,1019.75,863.446,683.7,511.254,387.98900000000003,123.11200000000001,312.751,181.123,68.507,27.269000000000002,13.4922,16.3825,5.3693,0.11392000000000001,0.1769,0.013475999999999998,0.19597
2018-05-10 12:50:00,2194.47,1904.49,1614.52,2056.79,2527.25,2808.35,3491.99,4378.91,5271.85,6435.11,7932.64,9345.72,11078.1,13937.2,14952.4,14798.8,11310.9,8063.07,5170.07,2675.93,1323.79,1696.9,2143.04,2534.85,3495.58,4905.29,6276.03,7149.28,7107.24,6399.48,5403.78,4652.56,3355.12,2113.51,1314.8,1002.97,796.265,685.3580000000002,512.528,366.934,115.573,289.618,186.394,66.4163,32.3392,8.707,2.7579,9.0006,6.5329999999999995,1.8549,6.608,4.1661
2018-05-10 13:00:00,2450.23,1831.14,1212.05,1822.06,2550.68,3152.85,3769.55,4393.38,5013.64,6553.39,9230.08,11032.1,12829.1,15177.5,16288.2,16598.8,13420.5,10004.6,6237.38,3440.04,1989.22,1928.83,2310.69,2773.45,3525.35,4646.18,6093.81,6744.05,6657.04,6022.88,5210.05,4769.98,3291.01,2115.71,1318.5,900.0160000000003,782.253,617.576,489.85699999999997,376.918,127.904,267.356,188.972,58.803999999999995,19.521,31.5957,3.9213,0.12365,5.8412,10.1264,4.4811,3.7579
2018-05-10 13:10:00,1048.51,1173.87,1299.23,1464.25,1804.24,2599.52,2757.42,2719.37,4838.27,6523.29,7671.8,10425.3,12913.2,13467.6,14902.3,16823.2,14587.4,11665.0,7728.18,4349.52,2295.08,2135.38,2336.27,2815.66,3685.81,4739.24,5618.26,6505.25,6520.97,5967.73,5179.01,4565.26,3354.89,2179.4,1363.11,979.655,802.732,620.763,517.513,399.75300000000004,104.212,241.253,197.21599999999998,59.6653,38.2782,9.9527,4.3817,5.898,5.1601,2.2981,0.0050402,0.073296
2018-05-10 13:20:00,1452.51,1309.74,1166.97,971.688,1164.07,2416.06,2707.32,2579.25,3569.39,5007.55,6999.67,9236.41,11741.7,14989.6,17085.5,18427.6,15783.6,12681.4,8902.27,6088.15,4192.27,2930.24,3101.73,3364.53,4000.08,4813.07,5402.27,6156.88,6052.95,5544.74,4909.71,4341.61,3117.38,1999.48,1263.05,946.883,802.414,652.873,503.746,386.825,102.331,299.036,149.578,56.8142,22.4236,13.3136,1.6524,0.18678,3.3225,6.3098,5.6549,12.1349
2018-05-10 13:30:00,0.0,48.306999999999995,147.366,564.359,981.038,1281.8,1986.09,2854.46,3045.95,4277.84,6796.2,9349.49,11772.6,13736.1,16190.4,18921.1,19763.1,19170.7,16459.0,12116.6,7392.99,4361.77,4256.7,4065.0,4277.13,4813.73,5339.12,6025.37,6096.01,5718.86,5080.78,4417.85,3101.93,2087.24,1405.2,1035.4,901.11,724.5060000000003,531.816,371.625,104.572,265.23,173.893,58.316,30.1025,14.4136,12.607999999999999,6.2636,4.3131,4.8907,3.5905,2.3939
2018-05-10 13:40:00,790.6080000000003,752.5139999999999,714.419,806.258,1094.23,1861.65,2745.61,3693.54,4731.13,5379.73,5547.33,7104.45,9236.63,12396.9,17221.2,23051.4,27962.9,29131.6,24770.8,18838.4,12117.2,6332.82,5023.36,4445.86,4403.14,4859.84,5767.05,6015.28,6109.51,5715.97,4996.1,4498.65,3217.35,2184.69,1455.88,1025.37,821.0419999999997,725.529,535.817,377.958,122.66,309.5420000000001,197.15200000000002,65.6855,24.839000000000002,1.9227,8.5151,3.0214,0.031937,3.6857,12.8851,2.0312
2018-05-10 13:50:00,1136.13,1164.1,1192.08,868.862,664.1569999999998,904.673,1479.89,2190.44,2326.37,3210.13,5018.57,6632.0,8594.46,11855.2,16297.7,21472.5,27434.9,30125.0,27980.6,23856.1,17579.8,10076.9,6806.26,4960.91,4471.6,4929.71,5670.69,5990.62,5954.44,5534.07,4894.8,4370.11,3106.73,2067.14,1391.24,1061.59,865.778,677.971,505.584,378.476,104.434,295.233,178.99,59.7499,28.8678,2.2643,10.4819,7.297999999999999,4.7516,5.2911,7.8426,1.2363
2018-05-10 14:00:00,0.0,27.1483,82.8191,700.06,1275.83,1537.06,1479.35,1345.8,2674.06,3970.09,5226.27,6755.85,8805.41,12422.9,18168.7,25212.0,31959.3,34430.1,30582.9,27244.1,22117.6,13029.3,6997.2,4977.63,4581.24,4934.57,5671.95,6062.55,5971.9,5543.35,4970.43,4513.14,3173.07,2088.28,1303.12,861.197,830.4739999999997,589.179,585.91,535.018,124.64,308.3,219.56,62.8256,32.2773,21.3632,4.058,5.066,6.0622,3.9358,0.0097289,0.14148
2018-05-10 14:10:00,1380.63,749.52,118.40899999999999,180.937,417.459,869.9730000000003,1286.0,1668.49,1790.65,2243.03,3103.71,4700.44,7058.72,11495.3,16998.5,23141.1,28282.3,31898.5,33261.6,31795.0,26188.1,16379.7,8533.01,5501.1,4532.39,4683.0,5604.75,6363.43,5998.09,5316.66,4677.15,4163.14,3039.9,2032.8,1364.87,1036.67,769.341,610.244,488.224,392.93199999999996,100.84700000000001,304.131,166.692,61.4473,35.0419,14.12,4.4143,8.7788,6.0495,0.038726,0.19214,0.8200700000000001
2018-05-10 14:20:00,14299.8,7550.81,801.8689999999997,78.4876,241.92700000000002,604.989,860.809,1062.51,1263.15,1886.69,3033.14,4074.13,5933.78,10609.9,16002.2,21855.1,29530.1,33913.6,33434.4,32862.8,29215.6,19608.7,9931.21,5602.07,4338.57,4779.26,5735.05,6507.95,6450.88,5800.88,4976.86,4590.14,3255.52,2164.71,1425.78,1040.36,886.659,703.437,522.115,393.129,84.5237,314.587,157.004,48.2392,24.5256,0.24786999999999998,2.3077,0.8312200000000001,0.0,0.0,0.0061176,0.088964
2018-05-10 14:30:00,0.0,217.627,472.04900000000004,895.237,1113.51,720.68,966.73,1515.15,1724.61,2013.21,2399.68,3842.32,5954.1,9626.19,15498.9,22734.0,31358.2,36224.4,35538.6,34137.1,29916.2,20956.3,10425.9,5736.02,4236.84,4636.6,5960.81,6800.9,6889.71,6329.96,5382.51,4473.59,3438.03,2318.42,1535.19,1158.51,823.461,699.914,550.446,403.63300000000004,137.588,288.119,209.553,60.521,13.4369,17.2597,2.1421,0.14196,4.2338,6.4036,0.0061056,0.08878899999999999
2018-05-10 14:40:00,633.413,360.543,87.6735,240.42,364.962,259.755,403.686,693.96,1341.33,1876.58,2273.19,3292.17,5018.87,8717.05,13737.0,19577.6,26420.6,30780.9,31473.1,32344.5,30189.7,21663.1,11360.5,5910.82,3999.59,4412.9,5738.49,7329.71,7129.16,6221.44,5284.24,4797.51,3324.28,2218.68,1499.61,1119.37,950.985,735.2180000000003,584.29,433.661,112.75299999999999,263.085,180.304,64.2861,35.1095,21.5656,8.5557,5.1583,2.3339,0.010683,0.037857999999999996,0.0059678000000000005
2018-05-10 14:50:00,322.0370000000001,384.895,447.75300000000004,593.462,622.636,309.017,405.061,708.591,1028.87,1675.91,2726.99,3779.49,5312.65,8458.33,13180.7,18881.4,25744.8,30489.3,32103.5,34669.5,34000.0,25385.7,13598.4,7135.71,4348.09,4238.96,5791.13,7297.05,7430.25,6603.98,5429.38,4756.44,3481.71,2435.54,1646.14,1140.73,964.7489999999999,743.712,554.7869999999998,399.639,144.28,274.561,175.77200000000005,82.155,29.6169,24.3,8.036,3.5416,1.7434,1.263,2.1687,0.34186
2018-05-10 15:00:00,63.3067,205.05700000000002,346.806,385.601,356.11,180.58900000000003,324.95,634.1669999999998,1005.37,1352.67,1670.4,2932.91,4720.79,7658.71,11840.8,16817.4,24518.5,29832.4,31619.7,34761.1,35101.8,27693.5,15674.4,8276.08,4843.02,4413.07,5619.26,7570.0,7692.78,6848.29,5699.21,4870.66,3580.95,2415.32,1556.14,1070.15,900.3939999999999,706.217,559.41,420.83,119.697,280.402,213.75400000000002,62.1243,27.8163,0.032841,0.30575,1.7469,2.593,4.2532,7.7824,1.2268
2018-05-10 15:10:00,11366.9,6002.14,637.405,21.1482,36.9506,30.7492,272.098,623.128,714.148,1161.44,2049.28,3167.33,4587.46,6872.04,10829.9,15844.0,23535.7,29290.2,32183.0,34883.3,34855.8,29202.0,17668.1,9127.01,4973.66,4475.79,5707.18,7830.37,7898.17,6955.1,5742.72,4899.67,3616.21,2365.09,1499.67,1092.75,878.378,703.005,536.627,412.472,104.771,330.975,208.322,46.4231,19.8738,8.9471,17.8408,6.1076,0.11612,0.18032,0.0,0.0
2018-05-10 15:20:00,361.67199999999997,380.48199999999997,399.291,282.147,191.167,219.622,338.0490000000001,513.349,886.855,1241.24,1571.98,2885.0,4521.95,6608.43,10196.1,14755.8,23683.1,29521.5,30796.6,32607.7,31614.5,24173.6,14564.5,8385.37,5110.34,4336.65,5503.12,7738.8,8107.52,7121.07,5635.84,4891.76,3489.21,2307.12,1541.14,1173.82,920.789,712.538,570.354,447.11300000000006,114.889,312.045,177.537,61.9323,22.6602,6.3277,11.8101,8.4574,5.4510000000000005,3.5173,1.3691,0.21581999999999998
2018-05-10 15:30:00,4478.7,2364.92,251.146,0.0,6.2417,29.2378,209.47799999999998,462.55699999999996,605.005,946.706,1534.78,2623.63,4051.58,6292.66,10221.5,15210.3,22470.3,28054.8,31164.0,34670.5,34312.0,25623.1,15082.1,8018.42,4553.3,4117.98,5597.36,8040.0,8046.45,6622.06,4902.47,4284.07,3194.32,2169.84,1405.06,975.7410000000001,829.382,677.2869999999998,530.336,384.346,93.1863,248.56400000000002,171.40200000000004,49.4393,28.3264,13.4673,1.6714,0.18771,1.2706,2.2538,1.8946,1.7316
2018-05-10 15:40:00,0.0,3.3255,10.1447,167.24400000000003,281.244,225.166,422.25300000000004,726.7489999999997,683.418,788.425,1076.85,2353.64,3978.82,6131.63,9329.79,13221.1,21449.6,27566.4,30563.4,33998.4,34131.2,26832.6,15792.4,8011.14,4351.77,4069.18,5471.49,7999.07,7993.36,6569.7,4843.55,4096.75,3176.79,2099.7,1337.55,1020.19,865.2260000000001,684.1039999999998,515.896,390.656,111.794,300.222,144.657,69.1466,28.1596,11.366,7.5163,2.5104,2.5437,3.6112,0.0061888,0.08999800000000001
2018-05-10 15:50:00,266.191,403.36400000000003,540.536,252.02200000000002,5.7158,26.774,324.965,734.702,659.8939999999999,667.7460000000002,777.809,2155.49,3793.76,5483.69,8788.12,13100.1,19061.9,24219.3,28188.5,32196.1,32323.9,24481.6,13662.5,7449.49,4328.72,3753.45,5336.07,7615.73,8020.76,6897.12,5225.48,4595.93,3361.54,2214.7,1399.05,965.2360000000001,734.4960000000003,672.955,586.135,468.24699999999996,104.61200000000001,327.086,179.162,54.225,21.3883,4.8358,8.7337,9.7532,5.2567,0.011225,0.046901,0.10983
2018-05-10 16:00:00,194.56400000000002,192.99400000000003,191.423,387.371,586.175,721.158,712.63,655.857,1013.79,1345.76,1645.63,2190.2,2948.93,4267.6,6570.88,9505.09,14766.3,19868.4,24735.3,31507.1,35879.1,32269.4,20694.5,10843.1,5525.12,4291.77,5049.48,7695.38,8093.44,6987.18,5359.49,4520.47,3090.21,1995.23,1315.93,982.97,733.3480000000003,724.4739999999997,571.128,415.414,103.45700000000001,336.895,216.245,60.8914,41.9534,4.9497,7.5844,2.5445,0.0017058,0.32809,1.3637,3.2429
2018-05-10 16:10:00,125.632,197.135,268.637,165.291,100.569,202.80599999999998,290.765,384.954,710.221,917.51,978.916,2033.73,3451.34,5441.67,8328.56,11781.7,16693.4,21625.8,26588.8,31662.3,32571.9,24920.7,15101.4,7997.54,4369.53,3900.75,5543.45,7691.83,7636.5,6384.73,4868.2,4103.39,2862.44,1859.9,1209.43,902.961,786.439,713.959,581.531,432.233,90.9674,297.574,168.94299999999996,37.8458,13.4062,15.5863,1.9344,0.24026,0.18617,0.018093,0.31936,3.722
2018-05-10 16:20:00,455.45300000000003,369.98900000000003,284.525,156.612,101.697,258.091,392.67400000000004,523.021,769.685,1174.48,1774.79,2118.29,2849.07,5046.67,8354.69,12350.4,17061.1,21980.9,27209.3,31833.4,32208.9,24706.9,13686.3,7128.1,4062.59,3770.76,5378.29,7687.9,7750.99,6519.61,4962.77,4207.6,2832.0,1945.84,1344.74,942.998,809.515,700.998,568.9119999999998,417.918,103.334,271.39599999999996,198.263,47.3702,21.4835,8.6819,3.9243,6.2573,4.0433,0.0,0.0036138000000000003,0.052552999999999996
2018-05-10 16:30:00,583.871,565.863,547.855,343.064,189.53,241.179,224.12099999999998,188.96099999999998,438.32800000000003,756.34,1159.23,2325.18,3802.38,5828.86,9000.01,12900.9,19203.4,24819.6,29421.8,30701.4,26396.4,15775.1,8008.45,4440.07,3100.62,3467.12,5421.95,7371.23,7030.78,5803.33,4526.68,3753.07,2675.44,1705.13,1129.49,948.555,798.937,661.965,519.3580000000002,395.26199999999994,93.2857,293.595,165.845,54.2167,30.2427,8.5108,6.0284,5.89,4.1847,1.5951,0.0,0.0
2018-05-10 16:40:00,473.671,377.57300000000004,281.476,167.02700000000004,97.535,155.356,135.14600000000002,106.09,601.735,1079.55,1535.31,2176.41,3359.34,6240.74,9164.45,12146.0,17692.7,22809.3,27290.5,30705.3,28972.9,18691.5,10619.1,5725.51,3724.4,3935.4,5326.38,7585.93,7380.57,6182.9,4870.23,4020.85,2792.58,1781.0,1175.74,945.449,777.715,677.096,494.707,352.05400000000014,98.42399999999999,295.998,171.7,59.6673,34.2398,7.9266,8.2463,4.4658,2.0855,1.055,0.0066833,0.097189
2018-05-10 16:50:00,149.13299999999995,198.90200000000002,248.67,202.851,206.032,375.338,348.47900000000016,249.782,616.575,1169.12,1951.35,3210.37,4807.98,7232.57,9907.68,12758.7,17434.6,21868.2,25944.2,26089.6,21136.3,11763.2,6626.45,4233.09,3245.6,3500.61,5182.16,6857.82,6876.49,5987.16,4788.3,3866.23,2540.67,1668.07,1131.94,844.507,754.7389999999997,669.6110000000001,539.009,414.644,119.12700000000001,324.736,235.30700000000002,54.1356,29.4183,21.0907,7.2662,4.9222,2.4991,0.009939,0.040325,0.079774
2018-05-10 17:00:00,6927.27,3657.86,388.452,4.6727,58.4799,242.484,425.635,618.327,982.627,1526.64,2292.86,3447.62,4843.21,6794.94,9610.43,12975.9,18096.9,22116.6,24509.1,22691.0,16756.9,8729.08,5015.42,3281.81,2750.33,3314.19,5007.47,6254.85,6299.92,5537.38,4408.04,3461.8,2261.39,1452.34,1005.35,831.195,759.8510000000001,668.193,519.302,385.635,103.196,299.812,192.644,49.2391,24.1496,16.1189,10.8877,5.7970000000000015,3.719,2.7037,0.0074455,0.10827
2018-05-10 17:10:00,988.0239999999999,554.606,121.18799999999999,161.612,309.89799999999997,576.217,1062.22,1644.67,1980.98,2394.69,2904.09,5139.12,7338.93,8300.04,10273.9,12889.9,17356.4,20057.0,20148.6,16295.5,9897.93,4185.71,3161.8,2728.11,2613.38,3012.38,4243.51,5094.71,5074.93,4578.45,3822.11,2937.58,1961.57,1339.1,975.185,794.547,745.25,605.244,495.401,381.869,106.257,255.261,183.894,60.1609,30.4756,3.0033,6.8978,2.3819999999999997,0.018996000000000002,0.029497000000000002,0.0027603000000000003,0.040141
2018-05-10 17:20:00,237.357,396.24699999999996,555.136,273.948,101.34299999999999,379.48,586.393,776.971,1304.32,2254.52,3727.56,5029.56,6496.75,8629.53,10419.2,12033.9,16434.4,18510.2,17151.6,12601.8,6904.82,3471.25,2734.95,2445.95,2376.67,2779.05,4047.08,5116.57,5265.3,4684.63,3760.82,3086.63,2163.37,1420.86,988.12,827.2189999999997,684.9689999999998,640.832,495.68199999999996,353.55699999999996,106.43799999999999,270.512,161.738,62.5507,28.0807,7.3649,14.9263,5.1153,0.035018,0.62932,2.0374,0.32116999999999996
2018-05-10 17:30:00,0.0,12.8075,39.0708,221.803,534.196,1138.0,1244.45,1128.24,1495.15,2550.84,4458.21,6314.51,7890.65,8559.52,9978.89,11896.3,16958.1,19462.7,18189.5,13572.9,7566.42,3599.0,2926.02,3001.71,2853.54,2802.95,3703.9,4948.48,5025.63,4521.24,3767.43,2972.15,2069.19,1398.15,1031.23,897.0189999999999,732.331,646.388,506.30699999999996,372.67,122.471,284.9790000000001,219.032,58.6185,25.5204,11.2919,4.6403,1.1824,0.041519,0.96704,3.1984,0.5041899999999999
2018-05-10 17:40:00,179.63400000000001,194.91099999999997,210.18900000000002,313.3040000000001,377.73900000000003,306.555,535.941,944.654,1831.9,3036.65,4634.0,6876.98,8712.9,8763.17,10036.5,12097.2,17335.8,19834.0,18283.6,13464.5,7345.29,3356.55,2834.24,3009.56,2959.54,2922.99,3631.28,4827.44,5224.96,4865.94,3996.89,3066.68,2256.48,1529.11,1036.84,800.433,681.7310000000001,672.672,541.064,397.389,116.92,303.601,173.97799999999995,57.3377,21.04,27.0313,3.3548,0.1579,0.31066,0.38876,0.66571,4.7698
2018-05-10 17:50:00,296.6140000000001,398.105,499.597,398.99699999999996,418.085,831.585,1083.26,1261.09,1572.08,2092.62,2872.27,5461.92,7924.0,8782.54,10823.0,13585.0,16283.1,17692.6,17198.4,12832.5,6906.29,3374.09,2887.05,3195.17,3104.18,2947.44,3716.27,5165.61,5414.9,4888.74,3977.42,3117.89,2382.77,1614.71,1068.72,829.1039999999997,782.169,632.165,522.877,413.14099999999996,103.682,286.866,209.303,48.1771,26.6158,14.6531,16.1119,8.1421,2.8266,0.8708299999999999,0.00012008,0.0017462
2018-05-10 18:00:00,602.79,368.256,133.72299999999998,113.62799999999999,225.787,615.3340000000002,685.562,637.679,1327.35,2385.88,3900.49,5350.11,6698.88,7751.32,9023.72,10457.1,14012.1,16650.4,17934.5,13842.0,7302.69,3451.8,2849.58,3268.32,3268.06,3095.29,3735.92,5246.51,5589.01,5151.83,4288.94,3397.43,2507.97,1706.36,1148.06,861.419,723.955,682.944,559.265,418.19599999999997,97.2206,302.619,179.31,50.1675,28.1426,18.4085,3.4591,6.1076,4.4004,0.009417299999999998,0.26271,3.3403
2018-05-10 18:10:00,365.298,595.594,825.89,386.18,14.0951,66.0247,368.251,791.3580000000003,1123.36,1954.24,3401.99,5043.62,6672.03,8130.19,9734.29,11462.0,15945.7,18020.0,16534.8,12292.9,6990.78,3546.78,2901.29,3429.98,3525.44,3378.51,3964.27,5275.24,5434.12,4939.98,4128.27,3278.48,2567.49,1738.14,1136.37,865.446,739.0310000000003,680.461,540.925,403.223,128.039,308.813,179.097,73.6973,31.3541,19.4231,15.1629,4.6554,0.04206,0.065312,0.0,0.0
2018-05-10 18:20:00,58.9693,205.66400000000002,352.358,368.843,374.741,399.347,468.64,580.196,1031.4,1611.34,2350.46,4161.37,6286.8,8772.02,10421.3,11595.9,15684.8,17626.6,16396.4,11839.4,6226.2,3227.24,2787.9,3575.28,3763.25,3579.93,4151.45,5381.58,5830.02,5381.72,4324.3,3299.14,2456.71,1710.01,1198.23,935.9739999999999,786.835,687.435,540.95,395.272,109.726,284.394,200.19,55.3502,28.5587,13.9975,1.7372,0.20761999999999997,1.354,2.3849,1.965,1.4465
2018-05-10 18:30:00,0.0,7.645,23.3221,236.838,370.13800000000003,216.512,169.81099999999995,222.127,1050.86,2128.66,3514.44,4840.62,6125.05,7308.03,9433.12,12153.2,16401.9,17957.0,15532.6,10689.2,5539.36,3243.95,3294.97,4064.08,4146.67,3848.06,4251.35,5691.09,6039.42,5532.51,4522.49,3515.22,2682.08,1839.94,1199.03,866.301,844.888,686.056,580.599,454.30400000000003,108.559,286.3590000000001,214.403,67.0059,46.6144,5.9525,6.9347,5.0971,5.0348,4.5457,0.6479600000000001,2.3397
2018-05-10 18:40:00,6727.74,3552.5,377.26300000000003,12.5989,57.657,185.283,395.461,648.49,922.805,1640.79,2907.36,3988.27,5184.64,6889.16,8668.86,10523.1,14664.3,16430.0,14686.2,9940.2,4903.21,3444.44,3228.11,3873.49,4090.2,4025.01,4474.48,5833.5,6123.94,5595.37,4624.11,3747.81,2738.97,1861.48,1251.0,938.5889999999999,836.3760000000003,687.378,587.4069999999998,450.815,127.506,264.67400000000004,213.34900000000002,64.3895,28.1679,13.5487,9.8212,2.9715,0.079885,0.12405,0.0030287,0.044044
2018-05-10 18:50:00,127.66799999999999,202.33900000000003,277.01,129.389,2.8482,13.3416,178.15099999999995,436.29400000000004,961.905,1688.69,2664.21,3313.7,4180.95,5990.86,8496.98,11435.2,14895.3,16136.9,14101.2,9711.12,5125.79,3449.54,3197.03,3985.86,4277.79,4171.25,4518.08,6056.7,6374.11,5772.73,4674.56,3667.22,2790.52,1956.24,1328.16,953.073,742.587,759.4760000000001,591.033,416.634,117.449,333.289,185.783,67.0943,28.3638,3.9435,11.4897,8.6124,3.5618,0.0089171,0.0316,0.0049813
2018-05-10 19:00:00,0.0,0.0,0.0,28.5056,43.2766,10.8634,50.9087,167.56400000000005,974.0089999999999,1696.38,2314.8,3585.24,4937.26,6139.72,8211.23,10812.0,13251.6,13831.6,11664.1,7592.17,3683.34,2770.42,3109.86,4411.33,4604.38,4086.88,4393.31,6164.13,6665.83,6162.37,5027.43,3793.18,2925.15,1980.43,1306.26,998.538,852.455,702.878,565.4730000000002,425.89599999999996,120.412,288.112,207.27900000000002,61.1147,29.2603,16.4529,2.042,0.085789,2.9566,4.4879,0.0020366,0.029617
2018-05-10 19:10:00,0.0,4.9303,15.0405,7.351,7.9348,37.1686,216.81099999999998,498.651,1234.39,1754.27,2007.25,2679.11,3576.94,4961.27,7257.27,10105.9,12577.6,12855.7,9892.92,6417.37,3493.74,2487.25,3083.52,4455.43,4740.79,4385.88,4877.08,6240.7,6513.86,5811.27,4645.78,3903.91,2859.81,2014.45,1368.33,945.456,817.0,678.1260000000002,577.76,455.795,122.945,298.316,214.372,52.1098,19.2963,25.0831,3.1131,0.16272999999999999,0.1261,0.0077072,0.16448,1.9991
2018-05-10 19:20:00,596.274,359.892,123.51,151.375,188.92,156.814,250.8,432.404,1027.94,1640.96,2275.59,2869.25,3647.02,5069.4,7046.72,9345.86,10250.1,9852.58,7531.85,4780.36,2694.67,2573.25,3253.82,4360.14,4668.95,4390.92,4463.94,6532.26,7066.4,6452.18,5260.66,4298.58,3218.62,2160.54,1457.8,1149.9,910.6310000000001,746.345,595.365,442.957,114.823,293.493,195.321,61.1597,31.7037,19.2809,8.2963,3.8627,6.4127,8.6171,2.5295,0.39874
2018-05-10 19:30:00,0.0,2.7486,8.3849,214.41099999999997,376.00699999999995,345.814,338.977,374.00199999999995,926.834,1454.03,1949.54,2733.03,3643.63,4793.87,6695.67,9029.21,9145.0,8337.09,6164.54,4114.38,2668.89,2358.56,3298.64,4431.36,4529.03,4148.21,4667.35,6230.82,7126.64,6778.62,5487.95,4263.8,3076.79,2107.57,1426.61,1036.19,863.118,761.7669999999997,614.88,463.414,126.992,330.14099999999996,178.672,65.0102,21.8176,24.5115,8.4481,5.8605,4.4601,3.1341,3.1376,0.49459
2018-05-10 19:40:00,704.7660000000003,566.94,429.115,229.987,92.9069,144.567,185.766,244.21400000000003,690.253,1233.89,1898.19,2846.91,3906.8,5155.2,6569.88,8064.82,7846.68,6813.9,4577.59,2922.07,2098.22,2198.44,3055.54,4423.51,4538.06,4112.86,4952.46,6390.82,7020.28,6613.57,5474.19,4356.91,2931.31,1951.04,1311.94,964.148,937.36,773.425,618.326,485.091,115.46799999999999,364.98400000000004,211.07,56.2299,27.36,19.6881,6.2889,3.2475,1.7136,1.2506,2.9932,2.3302
2018-05-10 19:50:00,599.638,368.348,137.059,104.85700000000001,93.5737,66.3865,181.572,374.74800000000016,674.9830000000002,1130.85,1779.14,2866.56,4039.8,5215.97,6299.07,7310.9,7171.85,6245.53,4156.13,2564.39,1763.8,1930.9,2993.23,4372.81,4525.39,4081.89,4674.5,6513.34,7140.59,6684.08,5553.36,4444.33,3156.43,2092.42,1349.01,943.7719999999999,809.184,726.194,616.589,474.668,121.807,321.03,235.62900000000002,59.8498,32.85,14.9635,6.5758,2.9421,2.7192,3.2533,1.7656,0.27831999999999996
2018-05-10 20:00:00,2178.53,1150.35,122.163,14.149000000000001,29.9874,45.2395,197.674,419.655,648.389,1084.61,1777.38,2757.95,3878.14,5280.11,6563.58,7761.99,7949.37,7191.05,5035.57,3049.65,1918.23,2289.99,3173.36,4466.42,4513.82,3994.19,4629.35,6051.33,6931.72,6608.54,5379.04,4303.79,2927.23,1941.68,1296.02,940.3660000000001,833.3760000000003,701.18,607.682,480.921,102.01799999999999,303.647,203.58599999999998,57.3323,34.8503,3.1943,12.5985,4.4545,0.054966999999999995,0.085355,0.0,0.0
2018-05-10 20:10:00,2134.82,1127.27,119.712,12.6581,58.7031,189.785,322.092,457.786,641.14,919.632,1315.76,2722.95,4155.42,5016.22,5241.46,5087.11,5647.13,5321.07,3685.98,2389.94,1688.18,1786.27,2866.76,4429.67,4586.31,4030.32,4624.13,6251.21,6901.32,6467.84,5297.73,4140.96,2836.26,1866.22,1184.72,796.319,789.487,646.577,556.474,461.67800000000005,114.134,324.507,175.188,68.0615,33.1377,13.015,8.6331,5.3931,2.2107,0.57096,1.9305,0.30432
2018-05-10 20:20:00,0.0,5.0001,15.2534,7.455,5.1316,24.0378,113.91,251.361,591.943,1002.57,1499.81,2578.68,3605.83,4081.72,4718.27,5437.39,4903.59,4007.37,2575.73,1912.84,1925.89,2320.95,3701.46,5509.23,5198.37,4003.48,4810.44,6040.18,6530.98,6200.17,5229.88,4044.2,2838.37,1739.52,1069.7,862.42,795.451,661.878,574.809,460.103,95.5495,288.749,155.815,53.3307,24.3599,9.676,12.3666,4.0762,0.0,0.033799,0.11977,0.018881000000000002
2018-05-10 20:30:00,0.0,5.0856,15.5141,7.5825,1.6215,7.5956,52.6148,124.07799999999999,311.89599999999996,559.133,879.84,2089.98,3260.22,3718.97,4558.13,5605.28,4685.65,3655.94,2463.6,1949.5,2247.96,3276.14,4762.11,5771.64,5423.02,4553.51,4812.72,6301.52,6764.27,6405.66,5393.22,3920.7,2659.86,1717.21,1125.01,852.336,795.385,696.825,556.51,422.517,102.976,316.348,193.93200000000002,55.4124,33.3933,17.736,8.072000000000001,4.2176,1.6074,0.032507999999999995,0.1152,0.01816
2018-05-10 20:40:00,151.882,198.53599999999997,245.18900000000002,213.179,196.157,247.842,198.27700000000002,118.728,401.517,676.0360000000003,940.33,1376.22,1961.76,2938.22,3672.68,4249.01,4009.13,3490.31,2559.42,2142.0,2721.07,4601.52,6772.49,7626.33,6861.95,5476.17,5130.81,6240.91,6674.44,6279.97,5243.12,4043.33,2771.7,1693.04,1028.99,784.102,695.4860000000001,655.3689999999998,543.9259999999998,409.869,100.32600000000001,280.552,113.37799999999999,59.8521,15.5055,5.824,15.7627,5.4905,0.26791,0.41603,0.0014232000000000001,0.020696
2018-05-10 20:50:00,350.50699999999995,381.846,413.185,241.63,80.3702,20.1747,22.1859,67.7017,322.235,562.193,784.125,1324.63,1983.22,2831.31,3027.03,2823.51,2584.68,2427.3,2390.22,3256.36,5017.56,7308.17,9343.77,9398.68,7874.84,5979.24,5377.27,6542.34,6845.52,6411.14,5387.25,3985.27,2554.06,1598.7,1098.1,907.931,711.166,591.894,505.01199999999994,380.848,97.45100000000001,213.28099999999998,152.84799999999996,41.7129,8.7753,12.9001,13.5077,5.2391,1.1335,1.4581,2.8602,2.2554
2018-05-10 21:00:00,0.0,0.0,0.0,20.3687,44.1692,69.8095,92.6443,123.539,317.473,520.507,734.793,1151.06,1577.67,1907.84,2311.17,2750.29,2474.11,2343.12,2426.63,3006.33,4625.06,7593.06,10143.9,10230.8,8288.14,5935.51,5403.36,6373.49,6853.09,6554.45,5478.46,3867.06,2591.26,1689.28,1110.3,787.22,633.316,619.511,506.439,363.089,86.6335,245.305,150.566,41.6174,16.1341,8.5076,3.4597,6.5779,9.5258,7.933,0.0,0.0
2018-05-10 21:10:00,584.901,369.017,153.13299999999995,57.6988,0.0,0.0,0.0,0.62921,12.0863,153.145,454.457,776.3610000000001,1186.0,1876.76,2440.89,2915.31,2404.14,2041.09,1896.87,2935.05,5038.65,7666.23,10447.8,10648.3,8838.02,6447.28,5430.27,6616.16,6765.24,6362.04,5552.47,4278.72,2659.75,1621.74,1047.87,799.432,702.222,584.247,482.716,395.38599999999997,92.0293,302.135,138.019,48.9742,16.6014,9.3728,1.1633,0.083678,0.06484,0.0069396,0.12515,1.4662
2018-05-10 21:20:00,4583.32,2420.17,257.013,0.0,0.0,0.0,0.0,0.55062,10.5767,291.211,906.452,907.8889999999999,890.909,1210.67,1529.45,1842.51,1746.78,1735.71,1849.73,2670.95,4782.88,8409.11,11049.9,10797.8,9132.15,7058.21,5562.56,6712.93,7111.5,6828.77,5879.61,4271.22,2750.72,1695.7,1077.81,814.164,753.63,648.77,520.591,381.25300000000004,35.1816,245.002,135.3,0.15174,2.0299,5.4405,0.6752199999999999,2.4573,1.9041,0.0,0.0,0.0
2018-05-10 21:30:00,0.0,8.9616,27.3383,119.66,190.544,177.12,151.013,127.726,262.987,319.884,279.885,492.796,759.198,1040.93,1463.29,1963.27,1793.78,1713.68,1765.64,2722.24,4831.71,7987.14,10994.3,11095.5,9422.71,7228.88,5984.53,6960.82,7384.74,7036.67,5973.6,4488.65,2828.1,1756.19,1149.84,877.613,792.35,625.756,495.281,377.744,98.3965,254.081,129.007,63.8892,29.0292,8.4446,8.8459,2.8467,0.11504,0.28543,0.37840999999999997,0.059650999999999996
2018-05-10 21:40:00,361.231,393.444,425.656,242.351,86.8796,84.1179,96.8017,124.785,282.074,385.834,423.405,583.615,801.7439999999997,1134.66,1222.92,1167.96,1620.22,1834.0,1695.48,2995.73,5558.63,8640.25,11290.0,11704.4,9882.48,7216.35,5875.33,7031.37,7595.88,7220.57,6018.62,4484.06,2956.48,1786.09,1101.41,833.6510000000003,660.533,616.969,499.10699999999997,378.465,87.7294,290.23,154.102,42.6847,18.1382,13.1351,1.6302,0.73956,0.57306,0.044604000000000005,0.15805999999999998,0.024916999999999998
2018-05-10 21:50:00,515.7080000000002,376.065,236.423,282.32599999999996,277.569,69.6759,24.208000000000002,64.08,163.506,306.078,502.0,574.802,710.923,1139.54,1273.04,1226.9,1241.1,1312.77,1469.35,2514.61,5012.06,9049.73,11525.3,11854.9,10227.5,7684.74,5852.24,7057.27,7725.76,7476.65,6354.92,4753.66,3069.9,1846.11,1150.38,874.2810000000003,677.225,600.212,491.30699999999996,375.208,102.82700000000001,270.566,163.692,61.6648,35.2877,19.3031,2.3957,0.40637,0.7176600000000001,1.681,3.7407,0.58967
2018-05-10 22:00:00,69.5437,221.50400000000002,373.464,344.85900000000015,284.764,205.49200000000002,128.09,61.7602,169.731,257.022,318.743,365.32099999999997,502.231,952.193,1141.76,1174.2,1370.88,1628.2,1975.09,3067.41,5289.28,8672.08,11268.0,11609.6,10059.4,7708.0,6153.98,7281.94,7873.82,7615.82,6541.19,4971.26,3413.79,2063.68,1240.74,937.5310000000001,735.201,698.71,559.636,401.04,81.2625,280.381,161.997,39.8944,23.2445,15.4305,11.2423,3.9224,1.4363,1.6079,0.0,0.0
2018-05-10 22:10:00,142.572,208.623,274.67400000000004,184.46400000000003,85.9214,21.5681,0.0,3.4017,65.3422,162.156,302.091,422.87199999999996,586.2819999999998,905.2260000000001,1116.95,1263.97,1477.24,1646.47,1750.62,2989.91,5321.2,8283.78,11293.3,11810.4,10313.5,7970.47,6437.55,7367.24,8006.08,7885.72,6950.6,5467.05,3747.12,2442.65,1585.61,1111.94,838.638,701.9780000000003,546.052,394.60699999999997,82.21600000000002,270.018,176.92,46.4168,34.1716,10.9873,13.2218,10.9221,5.1089,0.12133,0.55186,1.8407
2018-05-10 22:20:00,291.423,176.515,61.6061,316.805,490.991,313.764,238.386,210.31900000000002,112.882,42.6152,5.944,140.602,318.778,531.784,816.199,1140.15,1134.18,1241.37,1515.74,2755.93,5148.54,8481.68,11404.4,12332.3,10763.4,8051.89,6550.67,7667.53,8338.3,8235.47,7345.9,5912.75,4197.91,2734.46,1693.92,1121.89,927.971,715.1110000000001,570.65,443.017,94.551,306.20799999999997,210.71599999999998,45.8265,29.0671,6.4175,14.828,9.4956,3.3887,0.10049,0.35611,0.056137
2018-05-10 22:30:00,0.0,136.304,415.811,203.226,0.0,0.0,0.0,1.5889,30.5212,97.0653,210.11700000000002,361.52,462.06699999999995,367.00300000000004,542.621,878.507,798.132,914.312,1320.88,2563.51,4976.38,8488.04,10971.3,11443.3,10254.3,8227.73,6598.89,7825.33,8547.36,8602.38,7854.4,6202.62,4226.8,2741.18,1769.61,1237.87,951.26,821.36,622.703,428.76199999999994,96.4287,285.04,144.42700000000005,67.663,40.8972,11.9826,7.5114,2.1992,0.35836999999999997,0.5564899999999999,0.019407,0.28221999999999997
2018-05-10 22:40:00,590.602,362.936,135.27100000000002,103.458,97.5003,90.0626,77.9747,66.5784,107.425,93.8847,13.0951,210.54,428.81,536.316,648.212,765.71,1116.97,1366.16,1464.57,2764.77,5335.98,8741.19,11466.0,11689.7,10292.9,8270.21,6859.7,8182.19,8767.11,8693.82,7858.67,6047.5,4270.78,2711.33,1701.45,1242.57,923.045,743.65,540.241,392.32199999999995,90.4935,313.932,136.013,58.0625,31.5437,15.5142,4.0979,5.1096,3.5435,0.8310299999999999,1.9504,1.7329
2018-05-10 22:50:00,563.857,357.903,151.94899999999996,57.6966,27.55,129.05100000000002,123.671,67.233,59.3326,71.7121,109.16799999999999,166.373,208.69099999999997,188.21099999999998,439.69800000000004,857.77,1302.64,1715.55,2081.25,3108.28,5616.64,9979.8,12191.4,11864.5,10350.4,8482.21,7044.22,8159.74,9000.57,8956.41,7963.57,6379.55,4259.6,2675.19,1679.93,1178.27,885.0880000000003,701.265,557.7040000000002,423.036,94.9807,283.844,164.793,46.4097,15.6757,2.4896,12.5593,4.6869,3.1707,4.6653,0.0,0.0
2018-05-10 23:00:00,0.0,181.735,554.404,270.962,0.0,0.0,25.4312,65.6268,139.281,156.02700000000004,102.406,294.855,434.209,235.55599999999998,362.555,687.9680000000003,961.078,1311.36,1775.66,3003.2,5649.78,9913.05,12290.9,12100.5,10325.6,8189.12,7147.29,7949.07,8865.65,8819.69,7691.47,6074.02,4182.82,2577.03,1498.13,984.426,838.7280000000003,732.8560000000001,573.785,416.634,95.7441,291.453,156.248,64.5311,38.0288,5.4358,13.555,4.7021,0.089091,0.13835,0.022144999999999998,0.32204
2018-05-10 23:10:00,659.0930000000002,348.026,36.9591,55.0632,97.1803,84.618,106.90700000000001,141.411,83.7796,99.3021,205.28,216.108,216.03799999999998,241.171,465.295,809.1239999999997,997.813,1272.26,1673.41,3326.0,6332.18,10243.0,13169.5,12384.3,10173.7,7950.65,6891.93,7943.42,8684.44,8633.82,7696.98,6079.86,4015.66,2506.93,1538.8,1034.39,845.2810000000003,698.357,525.227,372.324,114.209,267.351,188.41299999999998,61.6815,29.2114,12.3338,10.3701,6.1927,6.5235,6.7035,0.50366,0.07939500000000001
2018-05-10 23:20:00,328.218,173.312,18.4051,42.2817,111.574,238.06599999999997,187.917,61.0414,146.165,153.957,66.1281,78.0664,118.25,188.46400000000003,319.384,488.843,772.94,1269.42,2079.67,3719.28,6483.16,10241.5,12703.3,12075.1,10088.8,7935.1,6737.31,8161.45,8897.06,8751.15,7724.26,5993.58,4100.17,2522.23,1492.17,1008.48,785.436,707.086,573.617,420.119,105.94200000000001,279.651,158.54,49.5102,14.883,21.9934,7.0325,1.5708,0.34226,0.5314800000000001,0.012787,0.18595
2018-05-10 23:30:00,331.735,175.169,18.6023,0.0,14.2307,66.6597,49.4466,1.8924,36.3505,72.734,111.49799999999999,136.30700000000002,176.08,275.142,476.186,738.315,899.893,1093.99,1336.12,2994.23,5775.67,8861.79,11879.2,11864.8,10358.8,8410.94,7037.12,8019.96,8668.99,8523.61,7561.45,6103.8,4016.13,2449.73,1521.37,1115.1,811.7919999999997,677.7810000000002,524.418,386.63599999999997,92.5647,284.198,179.55700000000004,51.6621,31.3862,8.7754,13.1843,5.5605,4.2847,5.2757,0.0,0.0
2018-05-10 23:40:00,311.844,164.666,17.4869,239.40900000000002,376.759,153.507,73.0932,67.0299,101.321,101.47399999999999,59.4167,77.5158,123.85799999999999,225.94,299.497,363.543,1062.46,1633.04,2014.02,3514.61,6035.04,9058.39,12049.6,13126.3,11681.9,9069.78,7654.3,8133.04,8718.7,8652.16,7783.08,6407.52,4221.65,2617.21,1548.04,975.335,889.671,662.31,539.198,400.66900000000004,112.499,210.669,176.804,60.5958,30.4917,21.8976,13.9529,4.6739999999999995,1.9319,2.8813,2.0205,0.31851
2018-05-10 23:50:00,0.0,0.0,0.0,60.946999999999996,92.5283,23.2266,28.7317,69.2067,62.5196,73.318,105.73700000000001,107.98700000000001,107.277,116.221,284.779,551.674,879.993,1358.78,2059.88,3309.48,5475.1,8673.04,11415.1,12469.8,11646.2,9637.12,7712.67,7891.82,8831.91,8968.97,7957.14,6319.97,4174.93,2639.95,1576.29,935.385,803.409,665.923,553.4490000000002,423.055,109.837,271.091,198.81799999999998,53.1473,24.9461,13.044,4.7927,5.9602,4.6444,3.3204,6.6958,1.2366
